,RB.SHF,I.DCE,HC.SHF,JM.DCE,J.DCE
2009-01-05 0:00:00,,,,,
2009-01-06 0:00:00,,,,,
2009-01-07 0:00:00,,,,,
2009-01-08 0:00:00,,,,,
2009-01-09 0:00:00,,,,,
2009-01-12 0:00:00,,,,,
2009-01-13 0:00:00,,,,,
2009-01-14 0:00:00,,,,,
2009-01-15 0:00:00,,,,,
2009-01-16 0:00:00,,,,,
2009-01-19 0:00:00,,,,,
2009-01-20 0:00:00,,,,,
2009-01-21 0:00:00,,,,,
2009-01-22 0:00:00,,,,,
2009-01-23 0:00:00,,,,,
2009-02-02 0:00:00,,,,,
2009-02-03 0:00:00,,,,,
2009-02-04 0:00:00,,,,,
2009-02-05 0:00:00,,,,,
2009-02-06 0:00:00,,,,,
2009-02-09 0:00:00,,,,,
2009-02-10 0:00:00,,,,,
2009-02-11 0:00:00,,,,,
2009-02-12 0:00:00,,,,,
2009-02-13 0:00:00,,,,,
2009-02-16 0:00:00,,,,,
2009-02-17 0:00:00,,,,,
2009-02-18 0:00:00,,,,,
2009-02-19 0:00:00,,,,,
2009-02-20 0:00:00,,,,,
2009-02-23 0:00:00,,,,,
2009-02-24 0:00:00,,,,,
2009-02-25 0:00:00,,,,,
2009-02-26 0:00:00,,,,,
2009-02-27 0:00:00,,,,,
2009-03-02 0:00:00,,,,,
2009-03-03 0:00:00,,,,,
2009-03-04 0:00:00,,,,,
2009-03-05 0:00:00,,,,,
2009-03-06 0:00:00,,,,,
2009-03-09 0:00:00,,,,,
2009-03-10 0:00:00,,,,,
2009-03-11 0:00:00,,,,,
2009-03-12 0:00:00,,,,,
2009-03-13 0:00:00,,,,,
2009-03-16 0:00:00,,,,,
2009-03-17 0:00:00,,,,,
2009-03-18 0:00:00,,,,,
2009-03-19 0:00:00,,,,,
2009-03-20 0:00:00,,,,,
2009-03-23 0:00:00,,,,,
2009-03-24 0:00:00,,,,,
2009-03-25 0:00:00,,,,,
2009-03-26 0:00:00,,,,,
2009-03-27 0:00:00,3561,,,,
2009-03-30 0:00:00,3544,,,,
2009-03-31 0:00:00,3549,,,,
2009-04-01 0:00:00,3547,,,,
2009-04-02 0:00:00,3473,,,,
2009-04-03 0:00:00,3448,,,,
2009-04-07 0:00:00,3491,,,,
2009-04-08 0:00:00,3463,,,,
2009-04-09 0:00:00,3468,,,,
2009-04-10 0:00:00,3484,,,,
2009-04-13 0:00:00,3469,,,,
2009-04-14 0:00:00,3560,,,,
2009-04-15 0:00:00,3562,,,,
2009-04-16 0:00:00,3596,,,,
2009-04-17 0:00:00,3620,,,,
2009-04-20 0:00:00,3623,,,,
2009-04-21 0:00:00,3524,,,,
2009-04-22 0:00:00,3526,,,,
2009-04-23 0:00:00,3513,,,,
2009-04-24 0:00:00,3501,,,,
2009-04-27 0:00:00,3499,,,,
2009-04-28 0:00:00,3507,,,,
2009-04-29 0:00:00,3520,,,,
2009-04-30 0:00:00,3553,,,,
2009-05-04 0:00:00,3636,,,,
2009-05-05 0:00:00,3577,,,,
2009-05-06 0:00:00,3594,,,,
2009-05-07 0:00:00,3593,,,,
2009-05-08 0:00:00,3614,,,,
2009-05-11 0:00:00,3639,,,,
2009-05-12 0:00:00,3645,,,,
2009-05-13 0:00:00,3639,,,,
2009-05-14 0:00:00,3594,,,,
2009-05-15 0:00:00,3604,,,,
2009-05-18 0:00:00,3608,,,,
2009-05-19 0:00:00,3618,,,,
2009-05-20 0:00:00,3618,,,,
2009-05-21 0:00:00,3624,,,,
2009-05-22 0:00:00,3618,,,,
2009-05-25 0:00:00,3609,,,,
2009-05-26 0:00:00,3601,,,,
2009-05-27 0:00:00,3610,,,,
2009-06-01 0:00:00,3647,,,,
2009-06-02 0:00:00,3655,,,,
2009-06-03 0:00:00,3670,,,,
2009-06-04 0:00:00,3700,,,,
2009-06-05 0:00:00,3756,,,,
2009-06-08 0:00:00,3788,,,,
2009-06-09 0:00:00,3779,,,,
2009-06-10 0:00:00,3808,,,,
2009-06-11 0:00:00,3878,,,,
2009-06-12 0:00:00,3864,,,,
2009-06-15 0:00:00,3849,,,,
2009-06-16 0:00:00,3865,,,,
2009-06-17 0:00:00,3852,,,,
2009-06-18 0:00:00,3842,,,,
2009-06-19 0:00:00,3907,,,,
2009-06-22 0:00:00,3919,,,,
2009-06-23 0:00:00,3881,,,,
2009-06-24 0:00:00,3870,,,,
2009-06-25 0:00:00,3866,,,,
2009-06-26 0:00:00,3854,,,,
2009-06-29 0:00:00,3829,,,,
2009-06-30 0:00:00,3826,,,,
2009-07-01 0:00:00,3839,,,,
2009-07-02 0:00:00,3867,,,,
2009-07-03 0:00:00,3859,,,,
2009-07-06 0:00:00,3866,,,,
2009-07-07 0:00:00,3870,,,,
2009-07-08 0:00:00,3850,,,,
2009-07-09 0:00:00,3865,,,,
2009-07-10 0:00:00,3882,,,,
2009-07-13 0:00:00,3886,,,,
2009-07-14 0:00:00,3927,,,,
2009-07-15 0:00:00,4002,,,,
2009-07-16 0:00:00,4034,,,,
2009-07-17 0:00:00,4007,,,,
2009-07-20 0:00:00,4029,,,,
2009-07-21 0:00:00,4034,,,,
2009-07-22 0:00:00,4072,,,,
2009-07-23 0:00:00,4122,,,,
2009-07-24 0:00:00,4184,,,,
2009-07-27 0:00:00,4236,,,,
2009-07-28 0:00:00,4331,,,,
2009-07-29 0:00:00,4392,,,,
2009-07-30 0:00:00,4444,,,,
2009-07-31 0:00:00,4627,,,,
2009-08-03 0:00:00,4857,,,,
2009-08-04 0:00:00,4848,,,,
2009-08-05 0:00:00,4875,,,,
2009-08-06 0:00:00,4853,,,,
2009-08-07 0:00:00,4653,,,,
2009-08-10 0:00:00,4642,,,,
2009-08-11 0:00:00,4658,,,,
2009-08-12 0:00:00,4591,,,,
2009-08-13 0:00:00,4617,,,,
2009-08-14 0:00:00,4512,,,,
2009-08-17 0:00:00,4436,,,,
2009-08-18 0:00:00,4416,,,,
2009-08-19 0:00:00,4219,,,,
2009-08-20 0:00:00,4283,,,,
2009-08-21 0:00:00,4334,,,,
2009-08-24 0:00:00,4323,,,,
2009-08-25 0:00:00,4240,,,,
2009-08-26 0:00:00,4269,,,,
2009-08-27 0:00:00,4271,,,,
2009-08-28 0:00:00,4272,,,,
2009-08-31 0:00:00,4133,,,,
2009-09-01 0:00:00,4075,,,,
2009-09-02 0:00:00,4032,,,,
2009-09-03 0:00:00,4049,,,,
2009-09-04 0:00:00,4031,,,,
2009-09-07 0:00:00,3919,,,,
2009-09-08 0:00:00,3944,,,,
2009-09-09 0:00:00,4044,,,,
2009-09-10 0:00:00,4007,,,,
2009-09-11 0:00:00,3972,,,,
2009-09-14 0:00:00,3973,,,,
2009-09-15 0:00:00,3967,,,,
2009-09-16 0:00:00,4036,,,,
2009-09-17 0:00:00,3990,,,,
2009-09-18 0:00:00,3973,,,,
2009-09-21 0:00:00,3989,,,,
2009-09-22 0:00:00,3956,,,,
2009-09-23 0:00:00,3891,,,,
2009-09-24 0:00:00,3854,,,,
2009-09-25 0:00:00,3825,,,,
2009-09-28 0:00:00,3659,,,,
2009-09-29 0:00:00,3694,,,,
2009-09-30 0:00:00,3690,,,,
2009-10-09 0:00:00,3644,,,,
2009-10-12 0:00:00,3695,,,,
2009-10-13 0:00:00,3665,,,,
2009-10-14 0:00:00,3678,,,,
2009-10-15 0:00:00,3756,,,,
2009-10-16 0:00:00,3829,,,,
2009-10-19 0:00:00,3865,,,,
2009-10-20 0:00:00,3842,,,,
2009-10-21 0:00:00,3887,,,,
2009-10-22 0:00:00,3855,,,,
2009-10-23 0:00:00,3891,,,,
2009-10-26 0:00:00,4001,,,,
2009-10-27 0:00:00,3971,,,,
2009-10-28 0:00:00,3865,,,,
2009-10-29 0:00:00,3835,,,,
2009-10-30 0:00:00,3875,,,,
2009-11-02 0:00:00,3910,,,,
2009-11-03 0:00:00,3881,,,,
2009-11-04 0:00:00,3889,,,,
2009-11-05 0:00:00,3885,,,,
2009-11-06 0:00:00,3890,,,,
2009-11-09 0:00:00,4110,,,,
2009-11-10 0:00:00,4081,,,,
2009-11-11 0:00:00,4066,,,,
2009-11-12 0:00:00,4048,,,,
2009-11-13 0:00:00,4069,,,,
2009-11-16 0:00:00,4057,,,,
2009-11-17 0:00:00,4040,,,,
2009-11-18 0:00:00,4045,,,,
2009-11-19 0:00:00,4115,,,,
2009-11-20 0:00:00,4109,,,,
2009-11-23 0:00:00,4186,,,,
2009-11-24 0:00:00,4118,,,,
2009-11-25 0:00:00,4129,,,,
2009-11-26 0:00:00,4077,,,,
2009-11-27 0:00:00,3939,,,,
2009-11-30 0:00:00,4375,,,,
2009-12-01 0:00:00,4367,,,,
2009-12-02 0:00:00,4377,,,,
2009-12-03 0:00:00,4385,,,,
2009-12-04 0:00:00,4374,,,,
2009-12-07 0:00:00,4373,,,,
2009-12-08 0:00:00,4318,,,,
2009-12-09 0:00:00,4267,,,,
2009-12-10 0:00:00,4334,,,,
2009-12-11 0:00:00,4396,,,,
2009-12-14 0:00:00,4430,,,,
2009-12-15 0:00:00,4394,,,,
2009-12-16 0:00:00,4392,,,,
2009-12-17 0:00:00,4386,,,,
2009-12-18 0:00:00,4379,,,,
2009-12-21 0:00:00,4418,,,,
2009-12-22 0:00:00,4405,,,,
2009-12-23 0:00:00,4408,,,,
2009-12-24 0:00:00,4461,,,,
2009-12-25 0:00:00,4459,,,,
2009-12-28 0:00:00,4525,,,,
2009-12-29 0:00:00,4499,,,,
2009-12-30 0:00:00,4486,,,,
2009-12-31 0:00:00,4511,,,,
2010-01-04 0:00:00,4579,,,,
2010-01-05 0:00:00,4589,,,,
2010-01-06 0:00:00,4622,,,,
2010-01-07 0:00:00,4489,,,,
2010-01-08 0:00:00,4462,,,,
2010-01-11 0:00:00,4516,,,,
2010-01-12 0:00:00,4510,,,,
2010-01-13 0:00:00,4418,,,,
2010-01-14 0:00:00,4433,,,,
2010-01-15 0:00:00,4368,,,,
2010-01-18 0:00:00,4395,,,,
2010-01-19 0:00:00,4382,,,,
2010-01-20 0:00:00,4364,,,,
2010-01-21 0:00:00,4352,,,,
2010-01-22 0:00:00,4288,,,,
2010-01-25 0:00:00,4278,,,,
2010-01-26 0:00:00,4265,,,,
2010-01-27 0:00:00,4316,,,,
2010-01-28 0:00:00,4293,,,,
2010-01-29 0:00:00,4300,,,,
2010-02-01 0:00:00,4295,,,,
2010-02-02 0:00:00,4159,,,,
2010-02-03 0:00:00,4180,,,,
2010-02-04 0:00:00,4115,,,,
2010-02-05 0:00:00,4109,,,,
2010-02-08 0:00:00,4129,,,,
2010-02-09 0:00:00,4157,,,,
2010-02-10 0:00:00,4198,,,,
2010-02-11 0:00:00,4229,,,,
2010-02-12 0:00:00,4293,,,,
2010-02-22 0:00:00,4243,,,,
2010-02-23 0:00:00,4283,,,,
2010-02-24 0:00:00,4253,,,,
2010-02-25 0:00:00,4209,,,,
2010-02-26 0:00:00,4214,,,,
2010-03-01 0:00:00,4209,,,,
2010-03-02 0:00:00,4155,,,,
2010-03-03 0:00:00,4143,,,,
2010-03-04 0:00:00,4141,,,,
2010-03-05 0:00:00,4168,,,,
2010-03-08 0:00:00,4189,,,,
2010-03-09 0:00:00,4636,,,,
2010-03-10 0:00:00,4649,,,,
2010-03-11 0:00:00,4652,,,,
2010-03-12 0:00:00,4658,,,,
2010-03-15 0:00:00,4660,,,,
2010-03-16 0:00:00,4780,,,,
2010-03-17 0:00:00,4763,,,,
2010-03-18 0:00:00,4733,,,,
2010-03-19 0:00:00,4757,,,,
2010-03-22 0:00:00,4768,,,,
2010-03-23 0:00:00,4742,,,,
2010-03-24 0:00:00,4778,,,,
2010-03-25 0:00:00,4796,,,,
2010-03-26 0:00:00,4793,,,,
2010-03-29 0:00:00,4810,,,,
2010-03-30 0:00:00,4761,,,,
2010-03-31 0:00:00,4755,,,,
2010-04-01 0:00:00,4753,,,,
2010-04-02 0:00:00,4786,,,,
2010-04-06 0:00:00,4824,,,,
2010-04-07 0:00:00,4846,,,,
2010-04-08 0:00:00,4810,,,,
2010-04-09 0:00:00,4848,,,,
2010-04-12 0:00:00,4872,,,,
2010-04-13 0:00:00,4881,,,,
2010-04-14 0:00:00,4854,,,,
2010-04-15 0:00:00,4819,,,,
2010-04-16 0:00:00,4838,,,,
2010-04-19 0:00:00,4752,,,,
2010-04-20 0:00:00,4772,,,,
2010-04-21 0:00:00,4759,,,,
2010-04-22 0:00:00,4734,,,,
2010-04-23 0:00:00,4740,,,,
2010-04-26 0:00:00,4734,,,,
2010-04-27 0:00:00,4678,,,,
2010-04-28 0:00:00,4588,,,,
2010-04-29 0:00:00,4583,,,,
2010-04-30 0:00:00,4635,,,,
2010-05-04 0:00:00,4665,,,,
2010-05-05 0:00:00,4653,,,,
2010-05-06 0:00:00,4637,,,,
2010-05-07 0:00:00,4545,,,,
2010-05-10 0:00:00,4534,,,,
2010-05-11 0:00:00,4479,,,,
2010-05-12 0:00:00,4406,,,,
2010-05-13 0:00:00,4400,,,,
2010-05-14 0:00:00,4367,,,,
2010-05-17 0:00:00,4186,,,,
2010-05-18 0:00:00,4209,,,,
2010-05-19 0:00:00,4223,,,,
2010-05-20 0:00:00,4251,,,,
2010-05-21 0:00:00,4228,,,,
2010-05-24 0:00:00,4318,,,,
2010-05-25 0:00:00,4264,,,,
2010-05-26 0:00:00,4272,,,,
2010-05-27 0:00:00,4270,,,,
2010-05-28 0:00:00,4256,,,,
2010-05-31 0:00:00,4215,,,,
2010-06-01 0:00:00,4178,,,,
2010-06-02 0:00:00,4185,,,,
2010-06-03 0:00:00,4200,,,,
2010-06-04 0:00:00,4180,,,,
2010-06-07 0:00:00,4021,,,,
2010-06-08 0:00:00,4061,,,,
2010-06-09 0:00:00,4103,,,,
2010-06-10 0:00:00,4082,,,,
2010-06-11 0:00:00,4111,,,,
2010-06-17 0:00:00,4112,,,,
2010-06-18 0:00:00,4088,,,,
2010-06-21 0:00:00,4163,,,,
2010-06-22 0:00:00,4138,,,,
2010-06-23 0:00:00,4080,,,,
2010-06-24 0:00:00,4101,,,,
2010-06-25 0:00:00,4084,,,,
2010-06-28 0:00:00,4039,,,,
2010-06-29 0:00:00,3994,,,,
2010-06-30 0:00:00,3985,,,,
2010-07-01 0:00:00,3960,,,,
2010-07-02 0:00:00,3975,,,,
2010-07-05 0:00:00,3989,,,,
2010-07-06 0:00:00,3964,,,,
2010-07-07 0:00:00,3965,,,,
2010-07-08 0:00:00,3935,,,,
2010-07-09 0:00:00,3950,,,,
2010-07-12 0:00:00,3943,,,,
2010-07-13 0:00:00,3917,,,,
2010-07-14 0:00:00,3906,,,,
2010-07-15 0:00:00,3909,,,,
2010-07-16 0:00:00,4066,,,,
2010-07-19 0:00:00,4135,,,,
2010-07-20 0:00:00,4187,,,,
2010-07-21 0:00:00,4177,,,,
2010-07-22 0:00:00,4173,,,,
2010-07-23 0:00:00,4223,,,,
2010-07-26 0:00:00,4215,,,,
2010-07-27 0:00:00,4155,,,,
2010-07-28 0:00:00,4220,,,,
2010-07-29 0:00:00,4216,,,,
2010-07-30 0:00:00,4285,,,,
2010-08-02 0:00:00,4327,,,,
2010-08-03 0:00:00,4298,,,,
2010-08-04 0:00:00,4324,,,,
2010-08-05 0:00:00,4302,,,,
2010-08-06 0:00:00,4317,,,,
2010-08-09 0:00:00,4379,,,,
2010-08-10 0:00:00,4357,,,,
2010-08-11 0:00:00,4361,,,,
2010-08-12 0:00:00,4301,,,,
2010-08-13 0:00:00,4334,,,,
2010-08-16 0:00:00,4361,,,,
2010-08-17 0:00:00,4367,,,,
2010-08-18 0:00:00,4361,,,,
2010-08-19 0:00:00,4365,,,,
2010-08-20 0:00:00,4311,,,,
2010-08-23 0:00:00,4261,,,,
2010-08-24 0:00:00,4238,,,,
2010-08-25 0:00:00,4225,,,,
2010-08-26 0:00:00,4257,,,,
2010-08-27 0:00:00,4268,,,,
2010-08-30 0:00:00,4333,,,,
2010-08-31 0:00:00,4312,,,,
2010-09-01 0:00:00,4352,,,,
2010-09-02 0:00:00,4386,,,,
2010-09-03 0:00:00,4365,,,,
2010-09-06 0:00:00,4584,,,,
2010-09-07 0:00:00,4568,,,,
2010-09-08 0:00:00,4538,,,,
2010-09-09 0:00:00,4439,,,,
2010-09-10 0:00:00,4494,,,,
2010-09-13 0:00:00,4481,,,,
2010-09-14 0:00:00,4418,,,,
2010-09-15 0:00:00,4417,,,,
2010-09-16 0:00:00,4366,,,,
2010-09-17 0:00:00,4359,,,,
2010-09-20 0:00:00,4378,,,,
2010-09-21 0:00:00,4317,,,,
2010-09-27 0:00:00,4258,,,,
2010-09-28 0:00:00,4251,,,,
2010-09-29 0:00:00,4240,,,,
2010-09-30 0:00:00,4263,,,,
2010-10-08 0:00:00,4279,,,,
2010-10-11 0:00:00,4341,,,,
2010-10-12 0:00:00,4304,,,,
2010-10-13 0:00:00,4324,,,,
2010-10-14 0:00:00,4474,,,,
2010-10-15 0:00:00,4498,,,,
2010-10-18 0:00:00,4520,,,,
2010-10-19 0:00:00,4488,,,,
2010-10-20 0:00:00,4421,,,,
2010-10-21 0:00:00,4427,,,,
2010-10-22 0:00:00,4413,,,,
2010-10-25 0:00:00,4510,,,,
2010-10-26 0:00:00,4477,,,,
2010-10-27 0:00:00,4486,,,,
2010-10-28 0:00:00,4504,,,,
2010-10-29 0:00:00,4505,,,,
2010-11-01 0:00:00,4553,,,,
2010-11-02 0:00:00,4542,,,,
2010-11-03 0:00:00,4551,,,,
2010-11-04 0:00:00,4606,,,,
2010-11-05 0:00:00,4708,,,,
2010-11-08 0:00:00,4709,,,,
2010-11-09 0:00:00,4854,,,,
2010-11-10 0:00:00,4770,,,,
2010-11-11 0:00:00,4793,,,,
2010-11-12 0:00:00,4637,,,,
2010-11-15 0:00:00,4667,,,,
2010-11-16 0:00:00,4646,,,,
2010-11-17 0:00:00,4550,,,,
2010-11-18 0:00:00,4611,,,,
2010-11-19 0:00:00,4643,,,,
2010-11-22 0:00:00,4644,,,,
2010-11-23 0:00:00,4607,,,,
2010-11-24 0:00:00,4695,,,,
2010-11-25 0:00:00,4683,,,,
2010-11-26 0:00:00,4650,,,,
2010-11-29 0:00:00,4668,,,,
2010-11-30 0:00:00,4634,,,,
2010-12-01 0:00:00,4678,,,,
2010-12-02 0:00:00,4685,,,,
2010-12-03 0:00:00,4728,,,,
2010-12-06 0:00:00,4719,,,,
2010-12-07 0:00:00,4760,,,,
2010-12-08 0:00:00,4712,,,,
2010-12-09 0:00:00,4715,,,,
2010-12-10 0:00:00,4727,,,,
2010-12-13 0:00:00,4779,,,,
2010-12-14 0:00:00,4782,,,,
2010-12-15 0:00:00,4772,,,,
2010-12-16 0:00:00,4767,,,,
2010-12-17 0:00:00,4791,,,,
2010-12-20 0:00:00,4801,,,,
2010-12-21 0:00:00,4822,,,,
2010-12-22 0:00:00,4794,,,,
2010-12-23 0:00:00,4774,,,,
2010-12-24 0:00:00,4762,,,,
2010-12-27 0:00:00,4734,,,,
2010-12-28 0:00:00,4744,,,,
2010-12-29 0:00:00,4770,,,,
2010-12-30 0:00:00,4791,,,,
2010-12-31 0:00:00,4812,,,,
2011-01-04 0:00:00,4822,,,,
2011-01-05 0:00:00,4793,,,,
2011-01-06 0:00:00,4809,,,,
2011-01-07 0:00:00,4793,,,,
2011-01-10 0:00:00,4834,,,,
2011-01-11 0:00:00,4843,,,,
2011-01-12 0:00:00,4847,,,,
2011-01-13 0:00:00,4861,,,,
2011-01-14 0:00:00,4903,,,,
2011-01-17 0:00:00,4919,,,,
2011-01-18 0:00:00,4913,,,,
2011-01-19 0:00:00,4931,,,,
2011-01-20 0:00:00,4918,,,,
2011-01-21 0:00:00,4950,,,,
2011-01-24 0:00:00,4965,,,,
2011-01-25 0:00:00,4967,,,,
2011-01-26 0:00:00,4949,,,,
2011-01-27 0:00:00,4930,,,,
2011-01-28 0:00:00,4936,,,,
2011-01-31 0:00:00,4996,,,,
2011-02-01 0:00:00,5022,,,,
2011-02-09 0:00:00,5124,,,,
2011-02-10 0:00:00,5188,,,,
2011-02-11 0:00:00,5167,,,,
2011-02-14 0:00:00,5153,,,,
2011-02-15 0:00:00,5157,,,,
2011-02-16 0:00:00,5102,,,,
2011-02-17 0:00:00,5018,,,,
2011-02-18 0:00:00,4985,,,,
2011-02-21 0:00:00,5026,,,,
2011-02-22 0:00:00,5000,,,,
2011-02-23 0:00:00,4940,,,,
2011-02-24 0:00:00,4892,,,,
2011-02-25 0:00:00,4869,,,,
2011-02-28 0:00:00,4899,,,,
2011-03-01 0:00:00,4837,,,,
2011-03-02 0:00:00,4847,,,,
2011-03-03 0:00:00,4813,,,,
2011-03-04 0:00:00,4816,,,,
2011-03-07 0:00:00,4832,,,,
2011-03-08 0:00:00,4773,,,,
2011-03-09 0:00:00,4771,,,,
2011-03-10 0:00:00,4679,,,,
2011-03-11 0:00:00,4656,,,,
2011-03-14 0:00:00,4733,,,,
2011-03-15 0:00:00,4774,,,,
2011-03-16 0:00:00,4832,,,,
2011-03-17 0:00:00,4817,,,,
2011-03-18 0:00:00,4756,,,,
2011-03-21 0:00:00,4653,,,,
2011-03-22 0:00:00,4648,,,,
2011-03-23 0:00:00,4728,,,,
2011-03-24 0:00:00,4717,,,,
2011-03-25 0:00:00,4730,,,,
2011-03-28 0:00:00,4779,,,,
2011-03-29 0:00:00,4814,,,,
2011-03-30 0:00:00,4794,,,,
2011-03-31 0:00:00,4794,,,,
2011-04-01 0:00:00,4780,,,,
2011-04-06 0:00:00,4874,,,,
2011-04-07 0:00:00,4884,,,,
2011-04-08 0:00:00,4906,,,,
2011-04-11 0:00:00,4920,,,,
2011-04-12 0:00:00,4903,,,,
2011-04-13 0:00:00,4922,,,,
2011-04-14 0:00:00,4907,,,,
2011-04-15 0:00:00,4827,,,,2247
2011-04-18 0:00:00,4844,,,,2381
2011-04-19 0:00:00,4774,,,,2336
2011-04-20 0:00:00,4814,,,,2343
2011-04-21 0:00:00,4849,,,,2335
2011-04-22 0:00:00,4873,,,,2330
2011-04-25 0:00:00,4879,,,,2329
2011-04-26 0:00:00,4896,,,,2322
2011-04-27 0:00:00,4885,,,,2320
2011-04-28 0:00:00,4906,,,,2337
2011-04-29 0:00:00,4915,,,,2329
2011-05-03 0:00:00,4953,,,,2344
2011-05-04 0:00:00,4941,,,,2329
2011-05-05 0:00:00,4913,,,,2308
2011-05-06 0:00:00,4804,,,,2271
2011-05-09 0:00:00,4829,,,,2280
2011-05-10 0:00:00,4848,,,,2287
2011-05-11 0:00:00,4822,,,,2314
2011-05-12 0:00:00,4782,,,,2344
2011-05-13 0:00:00,4850,,,,2419
2011-05-16 0:00:00,4818,,,,2407
2011-05-17 0:00:00,4823,,,,2391
2011-05-18 0:00:00,4814,,,,2372
2011-05-19 0:00:00,4830,,,,2367
2011-05-20 0:00:00,4825,,,,2376
2011-05-23 0:00:00,4779,,,,2357
2011-05-24 0:00:00,4808,,,,2380
2011-05-25 0:00:00,4823,,,,2375
2011-05-26 0:00:00,4828,,,,2378
2011-05-27 0:00:00,4837,,,,2371
2011-05-30 0:00:00,4874,,,,2365
2011-05-31 0:00:00,4875,,,,2364
2011-06-01 0:00:00,4866,,,,2359
2011-06-02 0:00:00,4861,,,,2339
2011-06-03 0:00:00,4867,,,,2326
2011-06-07 0:00:00,4864,,,,2331
2011-06-08 0:00:00,4869,,,,2326
2011-06-09 0:00:00,4849,,,,2318
2011-06-10 0:00:00,4853,,,,2311
2011-06-13 0:00:00,4807,,,,2320
2011-06-14 0:00:00,4812,,,,2334
2011-06-15 0:00:00,4796,,,,2323
2011-06-16 0:00:00,4781,,,,2307
2011-06-17 0:00:00,4731,,,,2307
2011-06-20 0:00:00,4688,,,,2281
2011-06-21 0:00:00,4713,,,,2295
2011-06-22 0:00:00,4694,,,,2288
2011-06-23 0:00:00,4734,,,,2318
2011-06-24 0:00:00,4731,,,,2302
2011-06-27 0:00:00,4704,,,,2308
2011-06-28 0:00:00,4706,,,,2303
2011-06-29 0:00:00,4726,,,,2296
2011-06-30 0:00:00,4753,,,,2309
2011-07-01 0:00:00,4726,,,,2296
2011-07-04 0:00:00,4792,,,,2316
2011-07-05 0:00:00,4788,,,,2315
2011-07-06 0:00:00,4812,,,,2342
2011-07-07 0:00:00,4808,,,,2311
2011-07-08 0:00:00,4808,,,,2307
2011-07-11 0:00:00,4852,,,,2304
2011-07-12 0:00:00,4851,,,,2297
2011-07-13 0:00:00,4887,,,,2310
2011-07-14 0:00:00,4872,,,,2305
2011-07-15 0:00:00,4871,,,,2303
2011-07-18 0:00:00,4902,,,,2305
2011-07-19 0:00:00,4915,,,,2305
2011-07-20 0:00:00,4920,,,,2298
2011-07-21 0:00:00,4913,,,,2286
2011-07-22 0:00:00,4925,,,,2286
2011-07-25 0:00:00,4878,,,,2286
2011-07-26 0:00:00,4898,,,,2289
2011-07-27 0:00:00,4917,,,,2284
2011-07-28 0:00:00,4934,,,,2285
2011-07-29 0:00:00,4929,,,,2285
2011-08-01 0:00:00,4975,,,,2285
2011-08-02 0:00:00,4983,,,,2285
2011-08-03 0:00:00,4987,,,,2285
2011-08-04 0:00:00,4980,,,,2303
2011-08-05 0:00:00,4807,,,,2297
2011-08-08 0:00:00,4782,,,,2270
2011-08-09 0:00:00,4765,,,,2229
2011-08-10 0:00:00,4790,,,,2234
2011-08-11 0:00:00,4799,,,,2229
2011-08-12 0:00:00,4809,,,,2225
2011-08-15 0:00:00,4854,,,,2197
2011-08-16 0:00:00,4833,,,,2167
2011-08-17 0:00:00,4863,,,,2156
2011-08-18 0:00:00,4830,,,,2139
2011-08-19 0:00:00,4814,,,,2108
2011-08-22 0:00:00,4816,,,,2242
2011-08-23 0:00:00,4821,,,,2155
2011-08-24 0:00:00,4822,,,,2187
2011-08-25 0:00:00,4816,,,,2215
2011-08-26 0:00:00,4800,,,,2213
2011-08-29 0:00:00,4768,,,,2209
2011-08-30 0:00:00,4810,,,,2213
2011-08-31 0:00:00,4831,,,,2242
2011-09-01 0:00:00,4829,,,,2238
2011-09-02 0:00:00,4832,,,,2215
2011-09-05 0:00:00,4800,,,,2218
2011-09-06 0:00:00,4794,,,,2243
2011-09-07 0:00:00,4825,,,,2249
2011-09-08 0:00:00,4803,,,,2238
2011-09-09 0:00:00,4791,,,,2243
2011-09-13 0:00:00,4783,,,,2232
2011-09-14 0:00:00,4760,,,,2222
2011-09-15 0:00:00,4744,,,,2230
2011-09-16 0:00:00,4732,,,,2243
2011-09-19 0:00:00,4622,,,,2220
2011-09-20 0:00:00,4611,,,,2213
2011-09-21 0:00:00,4633,,,,2233
2011-09-22 0:00:00,4568,,,,2190
2011-09-23 0:00:00,4514,,,,2141
2011-09-26 0:00:00,4398,,,,2073
2011-09-27 0:00:00,4448,,,,2106
2011-09-28 0:00:00,4403,,,,2087
2011-09-29 0:00:00,4298,,,,2022
2011-09-30 0:00:00,4339,,,,2038
2011-10-10 0:00:00,4317,,,,2046
2011-10-11 0:00:00,4322,,,,2054
2011-10-12 0:00:00,4350,,,,2063
2011-10-13 0:00:00,4318,,,,2061
2011-10-14 0:00:00,4314,,,,2057
2011-10-17 0:00:00,4178,,,,2016
2011-10-18 0:00:00,4089,,,,1987
2011-10-19 0:00:00,4047,,,,1982
2011-10-20 0:00:00,3922,,,,1890
2011-10-21 0:00:00,3957,,,,1919
2011-10-24 0:00:00,4066,,,,1961
2011-10-25 0:00:00,4021,,,,1968
2011-10-26 0:00:00,4039,,,,1968
2011-10-27 0:00:00,4040,,,,1972
2011-10-28 0:00:00,4123,,,,1980
2011-10-31 0:00:00,4123,,,,1960
2011-11-01 0:00:00,4055,,,,1955
2011-11-02 0:00:00,4065,,,,1947
2011-11-03 0:00:00,4006,,,,1935
2011-11-04 0:00:00,4121,,,,1967
2011-11-07 0:00:00,4106,,,,1962
2011-11-08 0:00:00,4141,,,,1978
2011-11-09 0:00:00,4161,,,,1979
2011-11-10 0:00:00,4050,,,,1946
2011-11-11 0:00:00,4149,,,,2039
2011-11-14 0:00:00,4189,,,,2029
2011-11-15 0:00:00,4157,,,,2038
2011-11-16 0:00:00,4134,,,,2015
2011-11-17 0:00:00,4178,,,,2023
2011-11-18 0:00:00,4154,,,,2009
2011-11-21 0:00:00,4086,,,,1993
2011-11-22 0:00:00,4089,,,,1990
2011-11-23 0:00:00,4039,,,,1973
2011-11-24 0:00:00,4073,,,,1972
2011-11-25 0:00:00,4045,,,,1963
2011-11-28 0:00:00,4084,,,,1963
2011-11-29 0:00:00,4125,,,,1972
2011-11-30 0:00:00,4075,,,,1984
2011-12-01 0:00:00,4174,,,,2006
2011-12-02 0:00:00,4163,,,,1995
2011-12-05 0:00:00,4164,,,,2000
2011-12-06 0:00:00,4160,,,,1974
2011-12-07 0:00:00,4182,,,,1979
2011-12-08 0:00:00,4176,,,,1968
2011-12-09 0:00:00,4169,,,,1992
2011-12-12 0:00:00,4168,,,,1958
2011-12-13 0:00:00,4151,,,,1961
2011-12-14 0:00:00,4153,,,,1949
2011-12-15 0:00:00,4124,,,,1926
2011-12-16 0:00:00,4189,,,,1968
2011-12-19 0:00:00,4170,,,,1968
2011-12-20 0:00:00,4174,,,,1974
2011-12-21 0:00:00,4181,,,,1977
2011-12-22 0:00:00,4206,,,,1977
2011-12-23 0:00:00,4226,,,,1969
2011-12-26 0:00:00,4226,,,,1956
2011-12-27 0:00:00,4235,,,,1956
2011-12-28 0:00:00,4236,,,,1983
2011-12-29 0:00:00,4201,,,,1984
2011-12-30 0:00:00,4210,,,,2000
2012-01-04 0:00:00,4159,,,,1990
2012-01-05 0:00:00,4178,,,,1999
2012-01-06 0:00:00,4196,,,,2034
2012-01-09 0:00:00,4185,,,,2033
2012-01-10 0:00:00,4215,,,,2038
2012-01-11 0:00:00,4224,,,,2064
2012-01-12 0:00:00,4223,,,,2066
2012-01-13 0:00:00,4229,,,,2041
2012-01-16 0:00:00,4240,,,,2045
2012-01-17 0:00:00,4295,,,,2065
2012-01-18 0:00:00,4301,,,,2064
2012-01-19 0:00:00,4310,,,,2072
2012-01-20 0:00:00,4323,,,,2071
2012-01-30 0:00:00,4320,,,,2088
2012-01-31 0:00:00,4297,,,,2095
2012-02-01 0:00:00,4285,,,,2080
2012-02-02 0:00:00,4318,,,,2082
2012-02-03 0:00:00,4332,,,,2084
2012-02-06 0:00:00,4330,,,,2111
2012-02-07 0:00:00,4274,,,,2092
2012-02-08 0:00:00,4337,,,,2111
2012-02-09 0:00:00,4297,,,,2083
2012-02-10 0:00:00,4286,,,,2075
2012-02-13 0:00:00,4261,,,,2071
2012-02-14 0:00:00,4252,,,,2063
2012-02-15 0:00:00,4189,,,,2060
2012-02-16 0:00:00,4169,,,,2045
2012-02-17 0:00:00,4157,,,,2043
2012-02-20 0:00:00,4178,,,,2050
2012-02-21 0:00:00,4228,,,,2061
2012-02-22 0:00:00,4251,,,,2067
2012-02-23 0:00:00,4237,,,,2065
2012-02-24 0:00:00,4234,,,,2065
2012-02-27 0:00:00,4278,,,,2081
2012-02-28 0:00:00,4295,,,,2085
2012-02-29 0:00:00,4300,,,,2091
2012-03-01 0:00:00,4277,,,,2073
2012-03-02 0:00:00,4299,,,,2090
2012-03-05 0:00:00,4267,,,,2066
2012-03-06 0:00:00,4268,,,,2064
2012-03-07 0:00:00,4253,,,,2043
2012-03-08 0:00:00,4281,,,,2053
2012-03-09 0:00:00,4319,,,,2066
2012-03-12 0:00:00,4335,,,,2054
2012-03-13 0:00:00,4341,,,,2061
2012-03-14 0:00:00,4325,,,,2032
2012-03-15 0:00:00,4337,,,,2021
2012-03-16 0:00:00,4335,,,,2018
2012-03-19 0:00:00,4343,,,,2007
2012-03-20 0:00:00,4333,,,,2024
2012-03-21 0:00:00,4358,,,,2038
2012-03-22 0:00:00,4355,,,,2038
2012-03-23 0:00:00,4347,,,,2047
2012-03-26 0:00:00,4354,,,,2044
2012-03-27 0:00:00,4367,,,,2042
2012-03-28 0:00:00,4345,,,,2027
2012-03-29 0:00:00,4320,,,,2025
2012-03-30 0:00:00,4324,,,,2026
2012-04-05 0:00:00,4354,,,,2020
2012-04-06 0:00:00,4385,,,,2009
2012-04-09 0:00:00,4379,,,,1999
2012-04-10 0:00:00,4384,,,,2002
2012-04-11 0:00:00,4377,,,,2007
2012-04-12 0:00:00,4392,,,,1994
2012-04-13 0:00:00,4377,,,,1980
2012-04-16 0:00:00,4329,,,,2084
2012-04-17 0:00:00,4322,,,,2082
2012-04-18 0:00:00,4342,,,,2057
2012-04-19 0:00:00,4315,,,,2055
2012-04-20 0:00:00,4313,,,,2056
2012-04-23 0:00:00,4281,,,,2010
2012-04-24 0:00:00,4270,,,,2014
2012-04-25 0:00:00,4274,,,,2019
2012-04-26 0:00:00,4290,,,,2020
2012-04-27 0:00:00,4269,,,,2009
2012-05-02 0:00:00,4245,,,,2006
2012-05-03 0:00:00,4239,,,,1994
2012-05-04 0:00:00,4256,,,,2000
2012-05-07 0:00:00,4221,,,,1997
2012-05-08 0:00:00,4213,,,,1968
2012-05-09 0:00:00,4186,,,,1973
2012-05-10 0:00:00,4190,,,,1980
2012-05-11 0:00:00,4150,,,,1971
2012-05-14 0:00:00,4135,,,,1902
2012-05-15 0:00:00,4090,,,,1897
2012-05-16 0:00:00,4050,,,,1869
2012-05-17 0:00:00,4092,,,,1883
2012-05-18 0:00:00,4074,,,,1869
2012-05-21 0:00:00,4090,,,,1884
2012-05-22 0:00:00,4074,,,,1884
2012-05-23 0:00:00,4019,,,,1858
2012-05-24 0:00:00,4026,,,,1863
2012-05-25 0:00:00,4037,,,,1867
2012-05-28 0:00:00,4089,,,,1883
2012-05-29 0:00:00,4115,,,,1886
2012-05-30 0:00:00,4100,,,,1874
2012-05-31 0:00:00,4103,,,,1867
2012-06-01 0:00:00,4095,,,,1859
2012-06-04 0:00:00,4033,,,,1791
2012-06-05 0:00:00,4084,,,,1805
2012-06-06 0:00:00,4096,,,,1816
2012-06-07 0:00:00,4102,,,,1812
2012-06-08 0:00:00,4108,,,,1785
2012-06-11 0:00:00,4123,,,,1801
2012-06-12 0:00:00,4100,,,,1755
2012-06-13 0:00:00,4102,,,,1746
2012-06-14 0:00:00,4110,,,,1732
2012-06-15 0:00:00,4122,,,,1747
2012-06-18 0:00:00,4129,,,,1749
2012-06-19 0:00:00,4126,,,,1748
2012-06-20 0:00:00,4143,,,,1765
2012-06-21 0:00:00,4118,,,,1732
2012-06-25 0:00:00,4107,,,,1698
2012-06-26 0:00:00,4076,,,,1691
2012-06-27 0:00:00,4063,,,,1679
2012-06-28 0:00:00,4085,,,,1660
2012-06-29 0:00:00,4068,,,,1667
2012-07-02 0:00:00,4044,,,,1716
2012-07-03 0:00:00,4078,,,,1731
2012-07-04 0:00:00,4089,,,,1752
2012-07-05 0:00:00,4094,,,,1771
2012-07-06 0:00:00,4089,,,,1762
2012-07-09 0:00:00,4050,,,,1739
2012-07-10 0:00:00,3995,,,,1734
2012-07-11 0:00:00,3928,,,,1726
2012-07-12 0:00:00,3919,,,,1779
2012-07-13 0:00:00,3941,,,,1782
2012-07-16 0:00:00,3889,,,,1729
2012-07-17 0:00:00,3861,,,,1697
2012-07-18 0:00:00,3864,,,,1728
2012-07-19 0:00:00,3825,,,,1728
2012-07-20 0:00:00,3750,,,,1664
2012-07-23 0:00:00,3694,,,,1597
2012-07-24 0:00:00,3709,,,,1618
2012-07-25 0:00:00,3703,,,,1563
2012-07-26 0:00:00,3719,,,,1581
2012-07-27 0:00:00,3762,,,,1600
2012-07-30 0:00:00,3757,,,,1560
2012-07-31 0:00:00,3772,,,,1567
2012-08-01 0:00:00,3703,,,,1584
2012-08-02 0:00:00,3670,,,,1590
2012-08-03 0:00:00,3672,,,,1568
2012-08-06 0:00:00,3682,,,,1565
2012-08-07 0:00:00,3687,,,,1569
2012-08-08 0:00:00,3667,,,,1577
2012-08-09 0:00:00,3691,,,,1585
2012-08-10 0:00:00,3721,,,,1582
2012-08-13 0:00:00,3683,,,,1562
2012-08-14 0:00:00,3666,,,,1512
2012-08-15 0:00:00,3669,,,,1519
2012-08-16 0:00:00,3659,,,,1517
2012-08-17 0:00:00,3626,,,,1524
2012-08-20 0:00:00,3607,,,,1521
2012-08-21 0:00:00,3591,,,,1490
2012-08-22 0:00:00,3557,,,,1489
2012-08-23 0:00:00,3542,,,,1498
2012-08-24 0:00:00,3509,,,,1477
2012-08-27 0:00:00,3513,,,,1478
2012-08-28 0:00:00,3455,,,,1444
2012-08-29 0:00:00,3443,,,,1417
2012-08-30 0:00:00,3437,,,,1401
2012-08-31 0:00:00,3411,,,,1396
2012-09-03 0:00:00,3351,,,,1382
2012-09-04 0:00:00,3282,,,,1333
2012-09-05 0:00:00,3228,,,,1296
2012-09-06 0:00:00,3271,,,,1314
2012-09-07 0:00:00,3406,,,,1358
2012-09-10 0:00:00,3497,,,,1417
2012-09-11 0:00:00,3461,,,,1421
2012-09-12 0:00:00,3457,,,,1452
2012-09-13 0:00:00,3455,,,,1439
2012-09-14 0:00:00,3561,,,,1449
2012-09-17 0:00:00,3554,,,,1439
2012-09-18 0:00:00,3582,,,,1471
2012-09-19 0:00:00,3638,,,,1466
2012-09-20 0:00:00,3483,,,,1430
2012-09-21 0:00:00,3477,,,,1433
2012-09-24 0:00:00,3543,,,,1444
2012-09-25 0:00:00,3547,,,,1446
2012-09-26 0:00:00,3527,,,,1438
2012-09-27 0:00:00,3568,,,,1456
2012-09-28 0:00:00,3597,,,,1465
2012-10-08 0:00:00,3656,,,,1469
2012-10-09 0:00:00,3667,,,,1525
2012-10-10 0:00:00,3682,,,,1542
2012-10-11 0:00:00,3634,,,,1527
2012-10-12 0:00:00,3639,,,,1555
2012-10-15 0:00:00,3582,,,,1529
2012-10-16 0:00:00,3611,,,,1550
2012-10-17 0:00:00,3638,,,,1569
2012-10-18 0:00:00,3646,,,,1583
2012-10-19 0:00:00,3644,,,,1555
2012-10-22 0:00:00,3679,,,,1573
2012-10-23 0:00:00,3660,,,,1539
2012-10-24 0:00:00,3684,,,,1549
2012-10-25 0:00:00,3679,,,,1622
2012-10-26 0:00:00,3683,,,,1609
2012-10-29 0:00:00,3619,,,,1565
2012-10-30 0:00:00,3628,,,,1566
2012-10-31 0:00:00,3634,,,,1578
2012-11-01 0:00:00,3679,,,,1595
2012-11-02 0:00:00,3676,,,,1594
2012-11-05 0:00:00,3641,,,,1587
2012-11-06 0:00:00,3642,,,,1580
2012-11-07 0:00:00,3634,,,,1551
2012-11-08 0:00:00,3627,,,,1546
2012-11-09 0:00:00,3640,,,,1560
2012-11-12 0:00:00,3666,,,,1576
2012-11-13 0:00:00,3649,,,,1568
2012-11-14 0:00:00,3642,,,,1567
2012-11-15 0:00:00,3644,,,,1573
2012-11-16 0:00:00,3643,,,,1588
2012-11-19 0:00:00,3544,,,,1566
2012-11-20 0:00:00,3552,,,,1570
2012-11-21 0:00:00,3570,,,,1593
2012-11-22 0:00:00,3564,,,,1587
2012-11-23 0:00:00,3571,,,,1588
2012-11-26 0:00:00,3553,,,,1571
2012-11-27 0:00:00,3537,,,,1568
2012-11-28 0:00:00,3525,,,,1556
2012-11-29 0:00:00,3468,,,,1533
2012-11-30 0:00:00,3495,,,,1528
2012-12-03 0:00:00,3551,,,,1561
2012-12-04 0:00:00,3562,,,,1563
2012-12-05 0:00:00,3619,,,,1586
2012-12-06 0:00:00,3595,,,,1574
2012-12-07 0:00:00,3656,,,,1604
2012-12-10 0:00:00,3679,,,,1624
2012-12-11 0:00:00,3664,,,,1622
2012-12-12 0:00:00,3691,,,,1626
2012-12-13 0:00:00,3684,,,,1619
2012-12-14 0:00:00,3786,,,,1658
2012-12-17 0:00:00,3812,,,,1669
2012-12-18 0:00:00,3819,,,,1677
2012-12-19 0:00:00,3818,,,,1679
2012-12-20 0:00:00,3789,,,,1673
2012-12-21 0:00:00,3793,,,,1677
2012-12-24 0:00:00,3790,,,,1673
2012-12-25 0:00:00,3873,,,,1706
2012-12-26 0:00:00,3878,,,,1729
2012-12-27 0:00:00,3869,,,,1729
2012-12-28 0:00:00,3916,,,,1759
2012-12-31 0:00:00,3988,,,,1824
2013-01-04 0:00:00,3990,,,,1839
2013-01-07 0:00:00,4004,,,,1816
2013-01-08 0:00:00,4010,,,,1833
2013-01-09 0:00:00,3998,,,,1813
2013-01-10 0:00:00,4020,,,,1809
2013-01-11 0:00:00,3925,,,,1763
2013-01-14 0:00:00,4004,,,,1826
2013-01-15 0:00:00,3977,,,,1808
2013-01-16 0:00:00,3934,,,,1787
2013-01-17 0:00:00,3946,,,,1818
2013-01-18 0:00:00,4002,,,,1865
2013-01-21 0:00:00,3965,,,,1864
2013-01-22 0:00:00,3987,,,,1871
2013-01-23 0:00:00,4053,,,,1881
2013-01-24 0:00:00,4032,,,,1865
2013-01-25 0:00:00,4076,,,,1872
2013-01-28 0:00:00,4068,,,,1869
2013-01-29 0:00:00,4069,,,,1886
2013-01-30 0:00:00,4114,,,,1885
2013-01-31 0:00:00,4127,,,,1902
2013-02-01 0:00:00,4168,,,,1904
2013-02-04 0:00:00,4221,,,,1920
2013-02-05 0:00:00,4140,,,,1912
2013-02-06 0:00:00,4109,,,,1908
2013-02-07 0:00:00,4124,,,,2038
2013-02-08 0:00:00,4127,,,,2023
2013-02-18 0:00:00,4173,,,,1971
2013-02-19 0:00:00,4186,,,,1975
2013-02-20 0:00:00,4171,,,,1950
2013-02-21 0:00:00,4085,,,,1885
2013-02-22 0:00:00,4036,,,,1838
2013-02-25 0:00:00,4016,,,,1839
2013-02-26 0:00:00,3956,,,,1811
2013-02-27 0:00:00,3985,,,,1842
2013-02-28 0:00:00,4053,,,,1867
2013-03-01 0:00:00,4020,,,,1836
2013-03-04 0:00:00,3905,,,,1773
2013-03-05 0:00:00,3939,,,,1805
2013-03-06 0:00:00,3937,,,,1791
2013-03-07 0:00:00,3932,,,,1763
2013-03-08 0:00:00,3928,,,,1750
2013-03-11 0:00:00,3908,,,,1734
2013-03-12 0:00:00,3892,,,,1735
2013-03-13 0:00:00,3833,,,,1715
2013-03-14 0:00:00,3765,,,,1653
2013-03-15 0:00:00,3860,,,,1668
2013-03-18 0:00:00,3829,,,,1658
2013-03-19 0:00:00,3843,,,,1674
2013-03-20 0:00:00,3869,,,,1684
2013-03-21 0:00:00,3902,,,,1697
2013-03-22 0:00:00,3878,,,1267,1679
2013-03-25 0:00:00,3912,,,1258,1683
2013-03-26 0:00:00,3882,,,1272,1660
2013-03-27 0:00:00,3889,,,1261,1658
2013-03-28 0:00:00,3824,,,1259,1609
2013-03-29 0:00:00,3810,,,1240,1581
2013-04-01 0:00:00,3723,,,1202,1570
2013-04-02 0:00:00,3769,,,1228,1621
2013-04-03 0:00:00,3798,,,1216,1619
2013-04-08 0:00:00,3835,,,1220,1635
2013-04-09 0:00:00,3847,,,1223,1630
2013-04-10 0:00:00,3847,,,1215,1613
2013-04-11 0:00:00,3825,,,1206,1597
2013-04-12 0:00:00,3838,,,1209,1599
2013-04-15 0:00:00,3738,,,1174,1548
2013-04-16 0:00:00,3750,,,1179,1551
2013-04-17 0:00:00,3699,,,1165,1526
2013-04-18 0:00:00,3651,,,1157,1530
2013-04-19 0:00:00,3686,,,1163,1548
2013-04-22 0:00:00,3647,,,1146,1520
2013-04-23 0:00:00,3600,,,1134,1492
2013-04-24 0:00:00,3645,,,1145,1518
2013-04-25 0:00:00,3648,,,1142,1515
2013-04-26 0:00:00,3600,,,1138,1499
2013-05-02 0:00:00,3542,,,1119,1472
2013-05-03 0:00:00,3581,,,1129,1497
2013-05-06 0:00:00,3622,,,1140,1517
2013-05-07 0:00:00,3624,,,1134,1504
2013-05-08 0:00:00,3669,,,1148,1533
2013-05-09 0:00:00,3621,,,1142,1516
2013-05-10 0:00:00,3639,,,1150,1546
2013-05-13 0:00:00,3656,,,1178,1576
2013-05-14 0:00:00,3633,,,1180,1574
2013-05-15 0:00:00,3554,,,1145,1516
2013-05-16 0:00:00,3549,,,1146,1514
2013-05-17 0:00:00,3622,,,1163,1551
2013-05-20 0:00:00,3606,,,1162,1556
2013-05-21 0:00:00,3590,,,1163,1562
2013-05-22 0:00:00,3594,,,1170,1571
2013-05-23 0:00:00,3553,,,1145,1545
2013-05-24 0:00:00,3571,,,1144,1552
2013-05-27 0:00:00,3496,,,1127,1514
2013-05-28 0:00:00,3491,,,1125,1515
2013-05-29 0:00:00,3439,,,1111,1485
2013-05-30 0:00:00,3438,,,1108,1493
2013-05-31 0:00:00,3416,,,1094,1468
2013-06-03 0:00:00,3483,,,1098,1487
2013-06-04 0:00:00,3478,,,1102,1495
2013-06-05 0:00:00,3482,,,1100,1493
2013-06-06 0:00:00,3421,,,1056,1432
2013-06-07 0:00:00,3421,,,1042,1439
2013-06-13 0:00:00,3422,,,1035,1435
2013-06-14 0:00:00,3424,,,1030,1439
2013-06-17 0:00:00,3477,,,1041,1451
2013-06-18 0:00:00,3485,,,1041,1454
2013-06-19 0:00:00,3526,,,1033,1459
2013-06-20 0:00:00,3482,,,1005,1408
2013-06-21 0:00:00,3516,,,1006,1465
2013-06-24 0:00:00,3450,,,998,1437
2013-06-25 0:00:00,3456,,,1011,1446
2013-06-26 0:00:00,3425,,,1004,1424
2013-06-27 0:00:00,3471,,,1006,1439
2013-06-28 0:00:00,3488,,,1001,1445
2013-07-01 0:00:00,3484,,,1040,1447
2013-07-02 0:00:00,3504,,,1034,1445
2013-07-03 0:00:00,3616,,,1031,1426
2013-07-04 0:00:00,3621,,,1045,1441
2013-07-05 0:00:00,3621,,,1046,1445
2013-07-08 0:00:00,3608,,,1037,1426
2013-07-09 0:00:00,3597,,,1029,1424
2013-07-10 0:00:00,3638,,,1061,1448
2013-07-11 0:00:00,3646,,,1064,1465
2013-07-12 0:00:00,3656,,,1053,1442
2013-07-15 0:00:00,3661,,,1042,1431
2013-07-16 0:00:00,3677,,,1046,1433
2013-07-17 0:00:00,3679,,,1065,1460
2013-07-18 0:00:00,3680,,,1071,1464
2013-07-19 0:00:00,3692,,,1076,1480
2013-07-22 0:00:00,3678,,,1079,1479
2013-07-23 0:00:00,3688,,,1084,1486
2013-07-24 0:00:00,3694,,,1077,1482
2013-07-25 0:00:00,3685,,,1074,1477
2013-07-26 0:00:00,3669,,,1068,1469
2013-07-29 0:00:00,3637,,,1053,1451
2013-07-30 0:00:00,3633,,,1053,1447
2013-07-31 0:00:00,3644,,,1059,1459
2013-08-01 0:00:00,3647,,,1070,1474
2013-08-02 0:00:00,3677,,,1079,1486
2013-08-05 0:00:00,3685,,,1084,1488
2013-08-06 0:00:00,3691,,,1081,1481
2013-08-07 0:00:00,3715,,,1084,1485
2013-08-08 0:00:00,3743,,,1111,1517
2013-08-09 0:00:00,3755,,,1132,1531
2013-08-12 0:00:00,3810,,,1162,1580
2013-08-13 0:00:00,3838,,,1176,1611
2013-08-14 0:00:00,3819,,,1166,1599
2013-08-15 0:00:00,3819,,,1172,1601
2013-08-16 0:00:00,3811,,,1153,1583
2013-08-19 0:00:00,3812,,,1162,1598
2013-08-20 0:00:00,3796,,,1173,1602
2013-08-21 0:00:00,3789,,,1174,1607
2013-08-22 0:00:00,3769,,,1171,1606
2013-08-23 0:00:00,3817,,,1187,1640
2013-08-26 0:00:00,3813,,,1196,1653
2013-08-27 0:00:00,3818,,,1183,1656
2013-08-28 0:00:00,3767,,,1141,1585
2013-08-29 0:00:00,3749,,,1136,1586
2013-08-30 0:00:00,3753,,,1134,1582
2013-09-02 0:00:00,3787,,,1165,1628
2013-09-03 0:00:00,3745,,,1159,1613
2013-09-04 0:00:00,3737,,,1153,1609
2013-09-05 0:00:00,3732,,,1163,1614
2013-09-06 0:00:00,3723,,,1156,1610
2013-09-09 0:00:00,3752,,,1167,1620
2013-09-10 0:00:00,3736,,,1156,1609
2013-09-11 0:00:00,3727,,,1158,1609
2013-09-12 0:00:00,3713,,,1145,1584
2013-09-13 0:00:00,3657,,,1133,1574
2013-09-16 0:00:00,3647,,,1134,1566
2013-09-17 0:00:00,3647,,,1142,1572
2013-09-18 0:00:00,3633,,,1160,1585
2013-09-23 0:00:00,3655,,,1170,1592
2013-09-24 0:00:00,3627,,,1163,1582
2013-09-25 0:00:00,3626,,,1167,1590
2013-09-26 0:00:00,3613,,,1163,1586
2013-09-27 0:00:00,3576,,,1146,1570
2013-09-30 0:00:00,3587,,,1137,1544
2013-10-08 0:00:00,3599,,,1137,1557
2013-10-09 0:00:00,3589,,,1127,1560
2013-10-10 0:00:00,3597,,,1130,1551
2013-10-11 0:00:00,3601,,,1125,1558
2013-10-14 0:00:00,3625,,,1146,1592
2013-10-15 0:00:00,3606,,,1138,1579
2013-10-16 0:00:00,3567,,,1130,1566
2013-10-17 0:00:00,3558,,,1128,1557
2013-10-18 0:00:00,3568,977,,1129,1561
2013-10-21 0:00:00,3570,969,,1142,1589
2013-10-22 0:00:00,3557,948,,1129,1576
2013-10-23 0:00:00,3537,939,,1118,1570
2013-10-24 0:00:00,3519,926,,1100,1543
2013-10-25 0:00:00,3486,918,,1091,1521
2013-10-28 0:00:00,3485,923,,1092,1526
2013-10-29 0:00:00,3494,921,,1081,1522
2013-10-30 0:00:00,3521,924,,1082,1615
2013-10-31 0:00:00,3636,922,,1068,1601
2013-11-01 0:00:00,3671,942,,1072,1625
2013-11-04 0:00:00,3677,950,,1065,1605
2013-11-05 0:00:00,3669,946,,1122,1600
2013-11-06 0:00:00,3642,944,,1123,1590
2013-11-07 0:00:00,3679,945,,1130,1593
2013-11-08 0:00:00,3661,939,,1114,1567
2013-11-11 0:00:00,3668,942,,1116,1571
2013-11-12 0:00:00,3670,943,,1122,1587
2013-11-13 0:00:00,3647,943,,1123,1597
2013-11-14 0:00:00,3620,937,,1125,1598
2013-11-15 0:00:00,3591,931,,1117,1585
2013-11-18 0:00:00,3592,932,,1116,1593
2013-11-19 0:00:00,3624,942,,1126,1618
2013-11-20 0:00:00,3646,942,,1139,1620
2013-11-21 0:00:00,3612,932,,1122,1607
2013-11-22 0:00:00,3614,931,,1123,1612
2013-11-25 0:00:00,3636,933,,1119,1609
2013-11-26 0:00:00,3660,941,,1119,1620
2013-11-27 0:00:00,3650,936,,1107,1612
2013-11-28 0:00:00,3670,939,,1112,1617
2013-11-29 0:00:00,3670,939,,1113,1616
2013-12-02 0:00:00,3695,936,,1118,1629
2013-12-03 0:00:00,3709,939,,1111,1625
2013-12-04 0:00:00,3713,952,,1124,1637
2013-12-05 0:00:00,3693,945,,1125,1622
2013-12-06 0:00:00,3702,941,,1112,1618
2013-12-09 0:00:00,3722,945,,1109,1618
2013-12-10 0:00:00,3716,942,,1113,1618
2013-12-11 0:00:00,3735,937,,1105,1613
2013-12-12 0:00:00,3729,930,,1103,1608
2013-12-13 0:00:00,3676,914,,1076,1558
2013-12-16 0:00:00,3671,918,,1078,1557
2013-12-17 0:00:00,3663,910,,1076,1558
2013-12-18 0:00:00,3656,906,,1076,1562
2013-12-19 0:00:00,3652,908,,1071,1557
2013-12-20 0:00:00,3627,905,,1047,1536
2013-12-23 0:00:00,3612,893,,1044,1516
2013-12-24 0:00:00,3628,900,,1049,1523
2013-12-25 0:00:00,3603,903,,1047,1515
2013-12-26 0:00:00,3604,896,,1045,1510
2013-12-27 0:00:00,3612,907,,1035,1510
2013-12-30 0:00:00,3573,911,,1022,1487
2013-12-31 0:00:00,3570,911,,1005,1458
2014-01-02 0:00:00,3590,907,,999,1454
2014-01-03 0:00:00,3540,902,,986,1426
2014-01-06 0:00:00,3515,893,,986,1416
2014-01-07 0:00:00,3465,896,,997,1411
2014-01-08 0:00:00,3469,892,,992,1410
2014-01-09 0:00:00,3456,888,,978,1372
2014-01-10 0:00:00,3492,881,,984,1382
2014-01-13 0:00:00,3462,871,,982,1372
2014-01-14 0:00:00,3492,880,,990,1391
2014-01-15 0:00:00,3498,879,,983,1388
2014-01-16 0:00:00,3481,879,,968,1384
2014-01-17 0:00:00,3470,876,,963,1375
2014-01-20 0:00:00,3451,861,,927,1346
2014-01-21 0:00:00,3410,847,,927,1342
2014-01-22 0:00:00,3424,852,,931,1340
2014-01-23 0:00:00,3463,878,,943,1355
2014-01-24 0:00:00,3487,877,,951,1370
2014-01-27 0:00:00,3472,864,,942,1358
2014-01-28 0:00:00,3431,857,,917,1333
2014-01-29 0:00:00,3443,866,,929,1348
2014-01-30 0:00:00,3455,868,,928,1350
2014-02-07 0:00:00,3411,856,,911,1327
2014-02-10 0:00:00,3421,854,,928,1338
2014-02-11 0:00:00,3386,848,,917,1321
2014-02-12 0:00:00,3393,853,,927,1324
2014-02-13 0:00:00,3395,854,,921,1320
2014-02-14 0:00:00,3412,861,,926,1316
2014-02-17 0:00:00,3455,873,,947,1354
2014-02-18 0:00:00,3428,860,,937,1336
2014-02-19 0:00:00,3436,864,,943,1346
2014-02-20 0:00:00,3394,852,,933,1334
2014-02-21 0:00:00,3389,851,,932,1328
2014-02-24 0:00:00,3326,821,,906,1277
2014-02-25 0:00:00,3308,817,,911,1279
2014-02-26 0:00:00,3317,820,,920,1283
2014-02-27 0:00:00,3340,818,,917,1284
2014-02-28 0:00:00,3318,808,,915,1273
2014-03-03 0:00:00,3324,799,,907,1258
2014-03-04 0:00:00,3409,801,,892,1238
2014-03-05 0:00:00,3423,802,,892,1238
2014-03-06 0:00:00,3388,787,,874,1224
2014-03-07 0:00:00,3335,764,,840,1182
2014-03-10 0:00:00,3221,728,,821,1157
2014-03-11 0:00:00,3236,740,,812,1197
2014-03-12 0:00:00,3254,737,,822,1220
2014-03-13 0:00:00,3284,749,,853,1226
2014-03-14 0:00:00,3262,740,,839,1209
2014-03-17 0:00:00,3229,729,,837,1203
2014-03-18 0:00:00,3240,732,,847,1214
2014-03-19 0:00:00,3242,732,,843,1207
2014-03-20 0:00:00,3230,733,,816,1194
2014-03-21 0:00:00,3220,733,3324,805,1167
2014-03-24 0:00:00,3213,744,3330,797,1183
2014-03-25 0:00:00,3287,759,3378,825,1216
2014-03-26 0:00:00,3275,758,3376,826,1204
2014-03-27 0:00:00,3269,757,3362,821,1202
2014-03-28 0:00:00,3307,781,3382,842,1223
2014-03-31 0:00:00,3328,794,3410,836,1220
2014-04-01 0:00:00,3331,800,3414,834,1225
2014-04-02 0:00:00,3317,784,3390,828,1219
2014-04-03 0:00:00,3336,799,3410,856,1236
2014-04-04 0:00:00,3372,808,3440,878,1263
2014-04-08 0:00:00,3414,825,3480,894,1280
2014-04-09 0:00:00,3384,819,3452,886,1264
2014-04-10 0:00:00,3368,816,3446,884,1250
2014-04-11 0:00:00,3360,814,3434,876,1253
2014-04-14 0:00:00,3360,803,3438,881,1254
2014-04-15 0:00:00,3369,812,3448,898,1270
2014-04-16 0:00:00,3329,797,3418,881,1262
2014-04-17 0:00:00,3324,795,3412,873,1250
2014-04-18 0:00:00,3245,781,3354,832,1198
2014-04-21 0:00:00,3235,781,3340,826,1189
2014-04-22 0:00:00,3244,779,3354,832,1202
2014-04-23 0:00:00,3266,786,3380,842,1199
2014-04-24 0:00:00,3283,794,3390,846,1206
2014-04-25 0:00:00,3276,795,3378,843,1207
2014-04-28 0:00:00,3222,760,3336,831,1182
2014-04-29 0:00:00,3248,771,3360,837,1186
2014-04-30 0:00:00,3227,765,3344,821,1166
2014-05-05 0:00:00,3238,771,3352,839,1181
2014-05-06 0:00:00,3225,768,3344,839,1175
2014-05-07 0:00:00,3195,749,3332,835,1175
2014-05-08 0:00:00,3181,735,3312,837,1178
2014-05-09 0:00:00,3168,735,3318,836,1183
2014-05-12 0:00:00,3193,741,3336,863,1211
2014-05-13 0:00:00,3165,740,3326,853,1203
2014-05-14 0:00:00,3166,738,3324,847,1199
2014-05-15 0:00:00,3131,738,3300,832,1186
2014-05-16 0:00:00,3090,717,3272,811,1148
2014-05-19 0:00:00,3080,707,3264,815,1151
2014-05-20 0:00:00,3068,700,3262,814,1143
2014-05-21 0:00:00,3075,708,3274,805,1137
2014-05-22 0:00:00,3079,714,3280,817,1148
2014-05-23 0:00:00,3081,707,3282,815,1147
2014-05-26 0:00:00,3140,722,3326,845,1190
2014-05-27 0:00:00,3144,724,3340,841,1190
2014-05-28 0:00:00,3116,707,3312,824,1164
2014-05-29 0:00:00,3111,702,3308,818,1160
2014-05-30 0:00:00,3056,680,3264,820,1159
2014-06-03 0:00:00,3057,682,3268,813,1152
2014-06-04 0:00:00,3061,691,3262,824,1157
2014-06-05 0:00:00,3067,688,3270,839,1177
2014-06-06 0:00:00,3079,689,3282,836,1177
2014-06-09 0:00:00,3064,690,3262,829,1171
2014-06-10 0:00:00,3068,686,3268,829,1166
2014-06-11 0:00:00,3046,682,3260,824,1152
2014-06-12 0:00:00,3027,666,3246,811,1136
2014-06-13 0:00:00,3029,667,3248,814,1144
2014-06-16 0:00:00,3001,661,3226,799,1134
2014-06-17 0:00:00,3018,667,3238,809,1146
2014-06-18 0:00:00,3009,665,3264,806,1140
2014-06-19 0:00:00,3009,663,3264,798,1133
2014-06-20 0:00:00,3044,677,3278,808,1147
2014-06-23 0:00:00,3072,691,3298,809,1140
2014-06-24 0:00:00,3064,683,3282,806,1142
2014-06-25 0:00:00,3079,693,3288,812,1142
2014-06-26 0:00:00,3115,717,3320,820,1157
2014-06-27 0:00:00,3088,707,3304,812,1140
2014-06-30 0:00:00,3076,694,3286,805,1127
2014-07-01 0:00:00,3069,701,3294,803,1129
2014-07-02 0:00:00,3097,716,3308,810,1132
2014-07-03 0:00:00,3083,712,3310,800,1123
2014-07-04 0:00:00,3102,711,3306,787,1114
2014-07-07 0:00:00,3088,707,3294,783,1115
2014-07-08 0:00:00,3116,720,3312,794,1117
2014-07-09 0:00:00,3095,702,3298,783,1110
2014-07-10 0:00:00,3113,705,3328,779,1105
2014-07-11 0:00:00,3128,712,3342,769,1090
2014-07-14 0:00:00,3146,714,3364,768,1090
2014-07-15 0:00:00,3145,716,3360,772,1095
2014-07-16 0:00:00,3132,717,3344,766,1088
2014-07-17 0:00:00,3121,710,3328,764,1085
2014-07-18 0:00:00,3051,684,3276,754,1081
2014-07-21 0:00:00,3042,686,3284,760,1088
2014-07-22 0:00:00,3045,686,3286,757,1149
2014-07-23 0:00:00,3036,671,3278,781,1131
2014-07-24 0:00:00,3034,663,3288,780,1126
2014-07-25 0:00:00,3048,669,3294,785,1123
2014-07-28 0:00:00,3076,681,3300,796,1131
2014-07-29 0:00:00,3105,684,3320,800,1140
2014-07-30 0:00:00,3072,676,3300,795,1130
2014-07-31 0:00:00,3069,680,3290,786,1128
2014-08-01 0:00:00,3067,672,3282,782,1112
2014-08-04 0:00:00,3106,685,3290,805,1131
2014-08-05 0:00:00,3102,684,3310,808,1132
2014-08-06 0:00:00,3104,679,3334,810,1132
2014-08-07 0:00:00,3100,678,3340,816,1139
2014-08-08 0:00:00,3087,675,3320,809,1136
2014-08-11 0:00:00,3062,671,3314,807,1133
2014-08-12 0:00:00,3063,667,3324,797,1119
2014-08-13 0:00:00,3044,662,3310,796,1116
2014-08-14 0:00:00,3021,653,3278,772,1086
2014-08-15 0:00:00,3031,666,3298,798,1105
2014-08-18 0:00:00,3010,650,3278,792,1097
2014-08-19 0:00:00,3015,654,3290,796,1105
2014-08-20 0:00:00,2990,646,3268,788,1095
2014-08-21 0:00:00,2983,647,3274,791,1098
2014-08-22 0:00:00,2986,643,3212,795,1103
2014-08-25 0:00:00,2974,645,3190,799,1111
2014-08-26 0:00:00,2979,648,3176,804,1122
2014-08-27 0:00:00,2965,637,3170,796,1110
2014-08-28 0:00:00,2937,626,3132,793,1103
2014-08-29 0:00:00,2940,628,3164,792,1106
2014-09-01 0:00:00,2915,620,3110,791,1093
2014-09-02 0:00:00,2910,628,3098,803,1115
2014-09-03 0:00:00,2853,605,3072,793,1096
2014-09-04 0:00:00,2838,594,3036,789,1093
2014-09-05 0:00:00,2834,585,3032,784,1084
2014-09-09 0:00:00,2768,585,2956,773,1064
2014-09-10 0:00:00,2780,590,2976,775,1073
2014-09-11 0:00:00,2757,585,2938,771,1067
2014-09-12 0:00:00,2790,591,2968,778,1074
2014-09-15 0:00:00,2826,598,2996,794,1091
2014-09-16 0:00:00,2788,598,2950,788,1082
2014-09-17 0:00:00,2804,598,2962,796,1092
2014-09-18 0:00:00,2767,592,2934,790,1087
2014-09-19 0:00:00,2714,576,2882,783,1077
2014-09-22 0:00:00,2619,556,2792,771,1049
2014-09-23 0:00:00,2616,560,2808,784,1066
2014-09-24 0:00:00,2616,562,2832,787,1068
2014-09-25 0:00:00,2548,552,2790,773,1052
2014-09-26 0:00:00,2590,562,2836,779,1061
2014-09-29 0:00:00,2529,542,2800,777,1049
2014-09-30 0:00:00,2532,551,2816,777,1050
2014-10-08 0:00:00,2513,547,2772,777,1055
2014-10-09 0:00:00,2550,563,2810,813,1088
2014-10-10 0:00:00,2575,568,2840,806,1078
2014-10-13 0:00:00,2663,584,2920,815,1098
2014-10-14 0:00:00,2649,589,2894,808,1087
2014-10-15 0:00:00,2654,580,2902,796,1083
2014-10-16 0:00:00,2655,565,2868,790,1074
2014-10-17 0:00:00,2646,568,2860,779,1075
2014-10-20 0:00:00,2614,580,2896,780,1086
2014-10-21 0:00:00,2597,575,2874,775,1081
2014-10-22 0:00:00,2547,574,2866,773,1084
2014-10-23 0:00:00,2533,529,2834,773,1089
2014-10-24 0:00:00,2554,530,2858,782,1110
2014-10-27 0:00:00,2549,526,2862,773,1096
2014-10-28 0:00:00,2548,522,2844,774,1087
2014-10-29 0:00:00,2589,528,2860,774,1091
2014-10-30 0:00:00,2590,536,2852,769,1088
2014-10-31 0:00:00,2565,532,2856,768,1085
2014-11-03 0:00:00,2542,522,2830,760,1085
2014-11-04 0:00:00,2558,520,2836,749,1069
2014-11-05 0:00:00,2513,510,2828,747,1060
2014-11-06 0:00:00,2526,506,2832,750,1063
2014-11-07 0:00:00,2536,512,2836,761,1068
2014-11-10 0:00:00,2557,514,2874,772,1075
2014-11-11 0:00:00,2552,510,2868,774,1069
2014-11-12 0:00:00,2554,508,2888,775,1072
2014-11-13 0:00:00,2520,507,2870,778,1068
2014-11-14 0:00:00,2524,507,2876,777,1064
2014-11-17 0:00:00,2514,507,2872,775,1064
2014-11-18 0:00:00,2442,487,2862,755,1053
2014-11-19 0:00:00,2446,473,2860,752,1053
2014-11-20 0:00:00,2439,476,2884,750,1055
2014-11-21 0:00:00,2448,476,2884,749,1056
2014-11-24 0:00:00,2437,470,2884,744,1059
2014-11-25 0:00:00,2450,466,2888,753,1035
2014-11-26 0:00:00,2448,467,2886,750,1031
2014-11-27 0:00:00,2539,481,2980,765,1053
2014-11-28 0:00:00,2548,485,2960,755,1039
2014-12-01 0:00:00,2521,480,2986,759,1032
2014-12-02 0:00:00,2503,475,2984,754,1031
2014-12-03 0:00:00,2532,482,2992,760,1036
2014-12-04 0:00:00,2567,494,2976,766,1039
2014-12-05 0:00:00,2560,491,3006,765,1036
2014-12-08 0:00:00,2542,481,2998,759,1029
2014-12-09 0:00:00,2557,488,2980,759,1031
2014-12-10 0:00:00,2563,483,2996,761,1034
2014-12-11 0:00:00,2566,480,3004,765,1036
2014-12-12 0:00:00,2585,490,3004,775,1044
2014-12-15 0:00:00,2570,485,2926,765,1042
2014-12-16 0:00:00,2548,479,2896,761,1037
2014-12-17 0:00:00,2540,485,2882,756,1025
2014-12-18 0:00:00,2546,487,2886,755,1032
2014-12-19 0:00:00,2567,492,2888,759,1045
2014-12-22 0:00:00,2513,485,2854,730,1020
2014-12-23 0:00:00,2467,473,2804,716,999
2014-12-24 0:00:00,2496,477,2848,728,1011
2014-12-25 0:00:00,2482,476,2824,725,1005
2014-12-26 0:00:00,2480,474,2820,718,1007
2014-12-29 0:00:00,2519,485,2850,726,1007
2014-12-30 0:00:00,2608,499,2956,752,1048
2014-12-31 0:00:00,2594,509,2928,740,1032
2015-01-05 0:00:00,2560,500,2902,731,1031
2015-01-06 0:00:00,2619,520,2936,744,1054
2015-01-07 0:00:00,2585,513,2902,740,1055
2015-01-08 0:00:00,2579,512,2878,743,1063
2015-01-09 0:00:00,2557,510,2834,737,1056
2015-01-12 0:00:00,2502,499,2752,726,1040
2015-01-13 0:00:00,2511,501,2736,728,1042
2015-01-14 0:00:00,2487,497,2670,725,1038
2015-01-15 0:00:00,2519,507,2692,728,1047
2015-01-16 0:00:00,2510,506,2682,724,1045
2015-01-19 0:00:00,2516,508,2666,731,1042
2015-01-20 0:00:00,2488,502,2644,726,1038
2015-01-21 0:00:00,2472,486,2640,724,1036
2015-01-22 0:00:00,2479,487,2632,722,1033
2015-01-23 0:00:00,2484,476,2610,724,1033
2015-01-26 0:00:00,2450,470,2560,718,1017
2015-01-27 0:00:00,2455,470,2550,726,1024
2015-01-28 0:00:00,2474,471,2594,729,1027
2015-01-29 0:00:00,2507,476,2622,726,1025
2015-01-30 0:00:00,2498,474,2600,727,1025
2015-02-02 0:00:00,2492,472,2592,732,1027
2015-02-03 0:00:00,2474,478,2586,736,1031
2015-02-04 0:00:00,2467,470,2574,733,1028
2015-02-05 0:00:00,2472,474,2578,732,1031
2015-02-06 0:00:00,2496,478,2584,739,1039
2015-02-09 0:00:00,2478,476,2574,729,1034
2015-02-10 0:00:00,2489,480,2582,733,1035
2015-02-11 0:00:00,2490,481,2602,733,1036
2015-02-12 0:00:00,2489,479,2596,732,1033
2015-02-13 0:00:00,2514,489,2610,739,1040
2015-02-16 0:00:00,2524,497,2624,742,1039
2015-02-17 0:00:00,2521,493,2612,733,1029
2015-02-25 0:00:00,2483,479,2594,726,1019
2015-02-26 0:00:00,2505,489,2610,735,1026
2015-02-27 0:00:00,2464,485,2584,726,1021
2015-03-02 0:00:00,2472,483,2594,730,1023
2015-03-03 0:00:00,2468,485,2584,729,1020
2015-03-04 0:00:00,2464,477,2590,722,1021
2015-03-05 0:00:00,2447,460,2562,712,1000
2015-03-06 0:00:00,2418,456,2548,712,1001
2015-03-09 0:00:00,2486,454,2526,718,1007
2015-03-10 0:00:00,2453,449,2498,716,1004
2015-03-11 0:00:00,2471,453,2494,719,1005
2015-03-12 0:00:00,2496,458,2510,720,1006
2015-03-13 0:00:00,2493,454,2502,721,1007
2015-03-16 0:00:00,2520,457,2528,721,1002
2015-03-17 0:00:00,2512,453,2534,715,996
2015-03-18 0:00:00,2483,437,2504,707,983
2015-03-19 0:00:00,2482,437,2510,704,980
2015-03-20 0:00:00,2481,430,2510,706,976
2015-03-23 0:00:00,2548,435,2558,704,965
2015-03-24 0:00:00,2542,440,2554,706,965
2015-03-25 0:00:00,2507,432,2536,694,954
2015-03-26 0:00:00,2491,428,2518,706,946
2015-03-27 0:00:00,2477,422,2508,697,940
2015-03-30 0:00:00,2451,409,2488,698,946
2015-03-31 0:00:00,2431,401,2478,681,940
2015-04-01 0:00:00,2390,391,2452,686,942
2015-04-02 0:00:00,2342,380,2410,677,933
2015-04-03 0:00:00,2341,380,2398,677,934
2015-04-07 0:00:00,2311,387,2342,675,934
2015-04-08 0:00:00,2324,392,2392,674,915
2015-04-09 0:00:00,2290,378,2362,670,907
2015-04-10 0:00:00,2266,370,2346,661,890
2015-04-13 0:00:00,2329,387,2412,673,920
2015-04-14 0:00:00,2324,396,2406,673,924
2015-04-15 0:00:00,2297,387,2382,669,902
2015-04-16 0:00:00,2318,395,2396,674,912
2015-04-17 0:00:00,2311,394,2396,670,911
2015-04-20 0:00:00,2279,387,2366,654,893.5
2015-04-21 0:00:00,2281,387.5,2372,656,899.5
2015-04-22 0:00:00,2327,399,2422,662.5,910
2015-04-23 0:00:00,2323,399,2434,658,902
2015-04-24 0:00:00,2378,417.5,2490,672,927.5
2015-04-27 0:00:00,2408,434,2510,680.5,946.5
2015-04-28 0:00:00,2398,427,2498,677.5,932.5
2015-04-29 0:00:00,2340,412.5,2460,662.5,906
2015-04-30 0:00:00,2365,413.5,2487,667,913.5
2015-05-04 0:00:00,2413,425,2532,671,909.5
2015-05-05 0:00:00,2428,433.5,2561,683,931
2015-05-06 0:00:00,2430,445.5,2535,681.5,934.5
2015-05-07 0:00:00,2407,434.5,2495,677.5,924
2015-05-08 0:00:00,2412,437,2504,687.5,934
2015-05-11 0:00:00,2421,442,2515,683,931
2015-05-12 0:00:00,2391,437,2486,674,915
2015-05-13 0:00:00,2383,429,2487,675.5,913.5
2015-05-14 0:00:00,2363,422,2471,672,909.5
2015-05-15 0:00:00,2372,428,2471,673.5,915.5
2015-05-18 0:00:00,2349,423,2458,671,913.5
2015-05-19 0:00:00,2342,417,2443,669,909
2015-05-20 0:00:00,2314,415,2412,664.5,902
2015-05-21 0:00:00,2344,423.5,2439,676.5,910.5
2015-05-22 0:00:00,2351,423.5,2454,681,912.5
2015-05-25 0:00:00,2347,430,2455,680,911
2015-05-26 0:00:00,2351,433,2464,677.5,909.5
2015-05-27 0:00:00,2355,432.5,2470,681.5,913
2015-05-28 0:00:00,2355,430,2460,682,914.5
2015-05-29 0:00:00,2359,432,2460,688,915.5
2015-06-01 0:00:00,2372,441.5,2482,693.5,923
2015-06-02 0:00:00,2375,441.5,2478,694.5,925
2015-06-03 0:00:00,2349,434.5,2460,688,919
2015-06-04 0:00:00,2356,441,2459,692,921
2015-06-05 0:00:00,2341,437,2448,682.5,914.5
2015-06-08 0:00:00,2334,434,2440,684.5,912.5
2015-06-09 0:00:00,2337,433.5,2449,683,912
2015-06-10 0:00:00,2336,450.5,2460,696,918.5
2015-06-11 0:00:00,2355,455,2463,691.5,915
2015-06-12 0:00:00,2299,447,2401,688.5,901.5
2015-06-15 0:00:00,2281,449.5,2383,689.5,898
2015-06-16 0:00:00,2243,437.5,2348,689,898.5
2015-06-17 0:00:00,2223,425,2319,675,881.5
2015-06-18 0:00:00,2245,428.5,2336,672,878.5
2015-06-19 0:00:00,2246,431.5,2342,679.5,882
2015-06-23 0:00:00,2239,431,2329,677,881
2015-06-24 0:00:00,2241,445,2333,681.5,883.5
2015-06-25 0:00:00,2218,436,2296,674,874
2015-06-26 0:00:00,2213,437,2288,673.5,877
2015-06-29 0:00:00,2181,429,2269,674,869
2015-06-30 0:00:00,2135,416,2220,677.5,868
2015-07-01 0:00:00,2124,413.5,2204,683,874
2015-07-02 0:00:00,2124,417,2197,686,878
2015-07-03 0:00:00,2121,408,2207,674,882
2015-07-06 0:00:00,2027,394.5,2109,653,852
2015-07-07 0:00:00,1957,376,2041,639.5,845.5
2015-07-08 0:00:00,1891,349,1973,621.5,816
2015-07-09 0:00:00,2004,367,2063,642.5,828.5
2015-07-10 0:00:00,2007,364.5,2065,630,810
2015-07-13 0:00:00,2008,366,2030,627.5,812
2015-07-14 0:00:00,2007,369.5,2032,613.5,808
2015-07-15 0:00:00,1990,368,2015,624,803.5
2015-07-16 0:00:00,2005,366.5,2022,621.5,807.5
2015-07-17 0:00:00,2006,369,2030,621.5,810
2015-07-20 0:00:00,2112,381.5,2100,629,820.5
2015-07-21 0:00:00,2081,360,2063,620,811
2015-07-22 0:00:00,2031,349.5,2030,611.5,804
2015-07-23 0:00:00,2050,352,2036,614,803.5
2015-07-24 0:00:00,2044,348.5,2028,611.5,802
2015-07-27 0:00:00,2074,353,2046,611.5,806.5
2015-07-28 0:00:00,2072,359.5,2077,609,812
2015-07-29 0:00:00,2110,369,2096,622,823
2015-07-30 0:00:00,2085,364,2069,609.5,812
2015-07-31 0:00:00,2095,367,2063,614,823.5
2015-08-03 0:00:00,2078,363,2075,610,818.5
2015-08-04 0:00:00,2097,366.5,2099,616,824
2015-08-05 0:00:00,2098,377,2107,615,820
2015-08-06 0:00:00,2076,373.5,2100,615.5,823.5
2015-08-07 0:00:00,2063,371.5,2080,616.5,822
2015-08-10 0:00:00,2045,370,2076,592,820
2015-08-11 0:00:00,2053,373,2072,603,811
2015-08-12 0:00:00,2071,377.5,2085,620.5,833.5
2015-08-13 0:00:00,2092,387.5,2094,623.5,826
2015-08-14 0:00:00,2085,385,2102,622,825.5
2015-08-17 0:00:00,2059,381,2076,611,812
2015-08-18 0:00:00,2049,383.5,2075,606,806
2015-08-19 0:00:00,2044,377.5,2052,607.5,807.5
2015-08-20 0:00:00,2028,376,2036,597,804.5
2015-08-21 0:00:00,2024,379.5,2035,599.5,806
2015-08-24 0:00:00,1934,362.5,1941,576,778
2015-08-25 0:00:00,1933,360.5,1942,574,782.5
2015-08-26 0:00:00,1937,362.5,1948,563,780
2015-08-27 0:00:00,1969,373,1970,571.5,790.5
2015-08-28 0:00:00,1976,382,1978,573,801.5
2015-08-31 0:00:00,1952,389,1959,568.5,786
2015-09-01 0:00:00,1963,388.5,1965,573.5,787
2015-09-02 0:00:00,1955,391,1962,573.5,782
2015-09-07 0:00:00,1920,383.5,1936,576.5,782.5
2015-09-08 0:00:00,1949,388.5,1952,583,787.5
2015-09-09 0:00:00,1948,398,1956,588,791
2015-09-10 0:00:00,1956,410,1964,588,790.5
2015-09-11 0:00:00,1946,407.5,1961,583.5,787.5
2015-09-14 0:00:00,1929,401.5,1943,573.5,774.5
2015-09-15 0:00:00,1909,392.5,1919,574,775
2015-09-16 0:00:00,1934,397,1941,587,779
2015-09-17 0:00:00,1926,393.5,1939,584,776.5
2015-09-18 0:00:00,1922,388,1937,586,777
2015-09-21 0:00:00,1904,390.5,1923,597,778
2015-09-22 0:00:00,1891,383.5,1915,591.5,774
2015-09-23 0:00:00,1902,379,1921,583.5,770.5
2015-09-24 0:00:00,1893,378,1916,582.5,770.5
2015-09-25 0:00:00,1891,382,1916,584.5,771.5
2015-09-28 0:00:00,1859,368,1884,574,766
2015-09-29 0:00:00,1833,367,1864,571,763.5
2015-09-30 0:00:00,1821,366,1853,571.5,759.5
2015-10-08 0:00:00,1826,373.5,1853,570.5,758
2015-10-09 0:00:00,1852,391,1883,581.5,764
2015-10-12 0:00:00,1847,380.5,1881,567,744
2015-10-13 0:00:00,1838,376.5,1877,567,743
2015-10-14 0:00:00,1830,375,1877,564.5,738
2015-10-15 0:00:00,1834,374.5,1879,563.5,736.5
2015-10-16 0:00:00,1830,367.5,1870,565,739
2015-10-19 0:00:00,1807,370.5,1846,565.5,735
2015-10-20 0:00:00,1801,371.5,1850,569.5,738
2015-10-21 0:00:00,1804,365,1854,568,737.5
2015-10-22 0:00:00,1805,367,1848,571.5,740
2015-10-23 0:00:00,1801,370,1844,571,741.5
2015-10-26 0:00:00,1801,365.5,1836,564.5,738
2015-10-27 0:00:00,1804,366.5,1830,563.5,728.5
2015-10-28 0:00:00,1792,358,1819,556,724.5
2015-10-29 0:00:00,1795,358,1815,555,723
2015-10-30 0:00:00,1782,362.5,1819,555.5,725
2015-11-02 0:00:00,1787,359,1818,555.5,717.5
2015-11-03 0:00:00,1779,349,1789,557.5,717.5
2015-11-04 0:00:00,1780,351,1785,562,712.5
2015-11-05 0:00:00,1776,345.5,1770,564,709
2015-11-06 0:00:00,1794,347.5,1769,562.5,712.5
2015-11-09 0:00:00,1805,348.5,1790,558.5,711
2015-11-10 0:00:00,1797,348,1785,562.5,714
2015-11-11 0:00:00,1777,345,1771,561.5,707.5
2015-11-12 0:00:00,1765,347,1776,561.5,703.5
2015-11-13 0:00:00,1759,350.5,1770,569,707
2015-11-16 0:00:00,1753,348.5,1775,566.5,704
2015-11-17 0:00:00,1752,339.5,1780,571,705
2015-11-18 0:00:00,1736,337.5,1762,564,705
2015-11-19 0:00:00,1705,331,1731,542.5,675
2015-11-20 0:00:00,1695,333.5,1729,545,677
2015-11-23 0:00:00,1659,300,1705,552,681.5
2015-11-24 0:00:00,1667,301,1729,494,694.5
2015-11-25 0:00:00,1676,306,1744,507.5,629.5
2015-11-26 0:00:00,1680,307,1745,515.5,632
2015-11-27 0:00:00,1656,302.5,1720,513.5,618
2015-11-30 0:00:00,1626,293.5,1691,509.5,611.5
2015-12-01 0:00:00,1633,292.5,1692,516.5,613.5
2015-12-02 0:00:00,1659,293.5,1730,523.5,623
2015-12-03 0:00:00,1635,290,1709,516.5,616.5
2015-12-04 0:00:00,1650,289,1734,516,611.5
2015-12-07 0:00:00,1670,293.5,1742,525.5,617
2015-12-08 0:00:00,1654,286.5,1727,521.5,612.5
2015-12-09 0:00:00,1656,287,1731,508,607.5
2015-12-10 0:00:00,1648,284,1735,511.5,606.5
2015-12-11 0:00:00,1658,287,1758,514,610.5
2015-12-14 0:00:00,1665,290.5,1792,520,615
2015-12-15 0:00:00,1657,288.5,1782,517,615.5
2015-12-16 0:00:00,1673,293.5,1812,519,617.5
2015-12-17 0:00:00,1677,293,1830,521.5,617.5
2015-12-18 0:00:00,1712,300.5,1866,536.5,630
2015-12-21 0:00:00,1749,309.5,1900,546,640
2015-12-22 0:00:00,1731,308,1871,545.5,637.5
2015-12-23 0:00:00,1717,302.5,1849,543.5,635
2015-12-24 0:00:00,1724,304,1865,545.5,629
2015-12-25 0:00:00,1737,304.5,1873,543,631.5
2015-12-28 0:00:00,1741,309,1868,542,629
2015-12-29 0:00:00,1780,316,1911,555,641
2015-12-30 0:00:00,1780,321,1932,558,644.5
2015-12-31 0:00:00,1784,322,1949,565,643
2016-01-04 0:00:00,1777,321.5,1929,555,636
2016-01-05 0:00:00,1789,324.5,1958,561,640
2016-01-06 0:00:00,1775,318.5,1935,551,625.5
2016-01-07 0:00:00,1773,320,1924,550,621
2016-01-08 0:00:00,1759,311.5,1881,551,624
2016-01-11 0:00:00,1758,305.5,1877,550.5,623.5
2016-01-12 0:00:00,1741,300.5,1857,535.5,612.5
2016-01-13 0:00:00,1740,300.5,1857,529,617
2016-01-14 0:00:00,1758,305,1881,531,621
2016-01-15 0:00:00,1778,306.5,1898,528,626.5
2016-01-18 0:00:00,1827,319,1937,542,639
2016-01-19 0:00:00,1839,322,1949,543,641.5
2016-01-20 0:00:00,1818,314,1929,537.5,633.5
2016-01-21 0:00:00,1808,314,1923,531.5,637
2016-01-22 0:00:00,1823,315.5,1934,545.5,646
2016-01-25 0:00:00,1840,313.5,1938,545,645
2016-01-26 0:00:00,1845,318,1945,551.5,647.5
2016-01-27 0:00:00,1863,324.5,1945,560.5,653
2016-01-28 0:00:00,1815,318.5,1898,552.5,644.5
2016-01-29 0:00:00,1814,321,1909,555,639.5
2016-02-01 0:00:00,1819,324.5,1924,558,643
2016-02-02 0:00:00,1815,325.5,1918,558.5,642
2016-02-03 0:00:00,1826,329,1923,559,644.5
2016-02-04 0:00:00,1851,340.5,1964,564.5,649.5
2016-02-05 0:00:00,1843,335.5,1944,558,641.5
2016-02-15 0:00:00,1872,339.5,1956,558.5,642
2016-02-16 0:00:00,1865,339,1969,566.5,657
2016-02-17 0:00:00,1861,339,1961,563,654
2016-02-18 0:00:00,1870,344,1975,568,658
2016-02-19 0:00:00,1897,353,1992,571,668
2016-02-22 0:00:00,1962,365.5,2083,594,690
2016-02-23 0:00:00,1926,368,2058,600,691.5
2016-02-24 0:00:00,1929,372.5,2063,612.5,705.5
2016-02-25 0:00:00,1928,369.5,2053,608,701
2016-02-26 0:00:00,1922,364,2059,606.5,701.5
2016-02-29 0:00:00,1969,369.5,2089,612.5,712
2016-03-01 0:00:00,1994,377.5,2109,613,710
2016-03-02 0:00:00,1993,385.5,2110,608,710
2016-03-03 0:00:00,1974,383.5,2127,602.5,702
2016-03-04 0:00:00,1987,396.5,2174,591.5,705.5
2016-03-07 0:00:00,2073,407,2256,616.5,729
2016-03-08 0:00:00,2194,423,2390,622.5,752
2016-03-09 0:00:00,2104,424,2218,600.5,722
2016-03-10 0:00:00,2130,439,2269,601,727
2016-03-11 0:00:00,2085,427,2235,612.5,736.5
2016-03-14 0:00:00,1986,422.5,2200,614,745
2016-03-15 0:00:00,1972,413,2160,613,744
2016-03-16 0:00:00,2008,419,2181,613.5,753.5
2016-03-17 0:00:00,2078,435.5,2263,623,761
2016-03-18 0:00:00,2118,449.5,2322,633.5,772.5
2016-03-21 0:00:00,2147,422.5,2359,624.5,766
2016-03-22 0:00:00,2158,416.5,2357,627,768
2016-03-23 0:00:00,2193,411,2401,622.5,774.5
2016-03-24 0:00:00,2120,390,2327,609.5,756
2016-03-25 0:00:00,2184,392.5,2410,616.5,764
2016-03-28 0:00:00,2132,378.5,2346,610.5,774.5
2016-03-29 0:00:00,2159,379,2376,611,784
2016-03-30 0:00:00,2113,379,2343,609.5,774.5
2016-03-31 0:00:00,2136,380,2389,642.5,792
2016-04-01 0:00:00,2193,386.5,2483,656.5,811.5
2016-04-05 0:00:00,2194,382,2530,657.5,825
2016-04-06 0:00:00,2182,375,2505,655,815
2016-04-07 0:00:00,2191,377.5,2546,654,825.5
2016-04-08 0:00:00,2196,377,2574,655.5,834.5
2016-04-11 0:00:00,2293,388,2681,674,860.5
2016-04-12 0:00:00,2344,409.5,2719,696.5,903
2016-04-13 0:00:00,2353,419,2558,711.5,927.5
2016-04-14 0:00:00,2324,417.5,2508,711,913
2016-04-15 0:00:00,2300,408.5,2478,688,881
2016-04-18 0:00:00,2391,425.5,2581,719.5,941
2016-04-19 0:00:00,2494,433.5,2699,720,962.5
2016-04-20 0:00:00,2592,454.5,2833,755,1008
2016-04-21 0:00:00,2750,474,2954,772.5,1025.5
2016-04-22 0:00:00,2619,473,2817,765.5,1063
2016-04-25 0:00:00,2643,471,2831,818.5,1110
2016-04-26 0:00:00,2554,450.5,2685,797.5,1101.5
2016-04-27 0:00:00,2500,434.5,2632,761,1056.5
2016-04-28 0:00:00,2539,446,2692,729.5,1056.5
2016-04-29 0:00:00,2580,462,2731,773.5,1107
2016-05-03 0:00:00,2451,442.5,2574,727,1076.5
2016-05-04 0:00:00,2381,435,2524,730.5,1068
2016-05-05 0:00:00,2309,412.5,2458,706.5,1027
2016-05-06 0:00:00,2336,417.5,2493,694.5,984
2016-05-09 0:00:00,2175,388,2308,664,929.5
2016-05-10 0:00:00,2147,385.5,2303,688.5,936
2016-05-11 0:00:00,2146,385,2304,688,916
2016-05-12 0:00:00,2074,373,2236,684,913.5
2016-05-13 0:00:00,2030,363,2195,664.5,870
2016-05-16 0:00:00,2052,367.5,2245,685.5,873
2016-05-17 0:00:00,2114,385.5,2312,720,924.5
2016-05-18 0:00:00,2055,372,2244,704,893
2016-05-19 0:00:00,2043,367,2231,709,898.5
2016-05-20 0:00:00,2062,375,2255,727.5,921.5
2016-05-23 0:00:00,1947,353.5,2123,691.5,863.5
2016-05-24 0:00:00,1958,350.5,2153,660,829.5
2016-05-25 0:00:00,1916,342,2105,656,818
2016-05-26 0:00:00,1953,345,2153,684,842.5
2016-05-27 0:00:00,2033,350,2259,685,850
2016-05-30 0:00:00,1990,347.5,2230,688.5,848
2016-05-31 0:00:00,1978,344,2201,683,851.5
2016-06-01 0:00:00,1955,348.5,2167,685.5,847.5
2016-06-02 0:00:00,1954,343.5,2153,688,853
2016-06-03 0:00:00,1988,347.5,2176,697.5,857.5
2016-06-06 0:00:00,2059,367,2256,704.5,888.5
2016-06-07 0:00:00,2077,369.5,2284,695,888.5
2016-06-08 0:00:00,2099,366.5,2300,681,882
2016-06-13 0:00:00,2170,373,2336,662.5,876
2016-06-14 0:00:00,2072,355.5,2256,645,832.5
2016-06-15 0:00:00,2067,360,2251,655.5,836
2016-06-16 0:00:00,2074,366,2252,659,834.5
2016-06-17 0:00:00,2074,372.5,2261,673.5,854.5
2016-06-20 0:00:00,2062,369.5,2237,668,845.5
2016-06-21 0:00:00,2082,374,2260,677.5,842.5
2016-06-22 0:00:00,2143,386.5,2314,701.5,872
2016-06-23 0:00:00,2141,387.5,2307,708,877
2016-06-24 0:00:00,2126,385,2297,705.5,880.5
2016-06-27 0:00:00,2268,411,2448,734,938.5
2016-06-28 0:00:00,2265,419,2443,727,937.5
2016-06-29 0:00:00,2241,418.5,2409,716,932
2016-06-30 0:00:00,2337,428,2502,719,952
2016-07-01 0:00:00,2349,421,2509,717,949.5
2016-07-04 0:00:00,2424,438,2566,728.5,974
2016-07-05 0:00:00,2402,440.5,2530,717,951
2016-07-06 0:00:00,2378,428,2518,721,939.5
2016-07-07 0:00:00,2387,426.5,2557,722,946
2016-07-08 0:00:00,2445,430,2594,733.5,957.5
2016-07-11 0:00:00,2430,429,2589,739,958.5
2016-07-12 0:00:00,2558,453,2699,771.5,1019
2016-07-13 0:00:00,2516,457.5,2664,755,1012
2016-07-14 0:00:00,2524,464.5,2659,739.5,1014
2016-07-15 0:00:00,2527,461.5,2661,744.5,1022
2016-07-18 0:00:00,2362,431,2495,715,962.5
2016-07-19 0:00:00,2297,423.5,2430,722.5,957
2016-07-20 0:00:00,2310,423,2463,720.5,964.5
2016-07-21 0:00:00,2396,447,2572,742.5,1018
2016-07-22 0:00:00,2310,428.5,2495,731,1011
2016-07-25 0:00:00,2342,442.5,2557,751,1061
2016-07-26 0:00:00,2379,446,2604,742,1054.5
2016-07-27 0:00:00,2418,466,2623,753.5,1079.5
2016-07-28 0:00:00,2480,472.5,2674,771,1087
2016-07-29 0:00:00,2412,461,2599,763.5,1075
2016-08-01 0:00:00,2495,486.5,2700,780,1109
2016-08-02 0:00:00,2514,485.5,2689,787,1127.5
2016-08-03 0:00:00,2497,483.5,2673,780.5,1126
2016-08-04 0:00:00,2453,473.5,2626,769.5,1121.5
2016-08-05 0:00:00,2538,492.5,2710,784.5,1155
2016-08-08 0:00:00,2607,503,2787,821,1217
2016-08-09 0:00:00,2589,501.5,2752,808.5,1239
2016-08-10 0:00:00,2587,494,2754,810,1274.5
2016-08-11 0:00:00,2594,431,2760,815,1265
2016-08-12 0:00:00,2577,432,2747,813,1249
2016-08-15 0:00:00,2571,421.5,2733,865,1211
2016-08-16 0:00:00,2648,438,2817,877,1226.5
2016-08-17 0:00:00,2589,426.5,2790,866,1239
2016-08-18 0:00:00,2549,437,2793,845,1233
2016-08-19 0:00:00,2567,444.5,2786,848.5,1236
2016-08-22 0:00:00,2553,443.5,2776,857.5,1259.5
2016-08-23 0:00:00,2596,456.5,2839,868.5,1277
2016-08-24 0:00:00,2589,456,2825,867,1272.5
2016-08-25 0:00:00,2567,442,2823,859,1249.5
2016-08-26 0:00:00,2502,431,2784,861.5,1227
2016-08-29 0:00:00,2477,421,2830,874,1223.5
2016-08-30 0:00:00,2422,418,2780,883,1228.5
2016-08-31 0:00:00,2392,412.5,2734,859.5,1175
2016-09-01 0:00:00,2402,417.5,2633,876.5,1191.5
2016-09-02 0:00:00,2406,419.5,2652,901,1223.5
2016-09-05 0:00:00,2436,418.5,2668,936.5,1273
2016-09-06 0:00:00,2428,424,2643,946,1274
2016-09-07 0:00:00,2334,407.5,2560,903.5,1189.5
2016-09-08 0:00:00,2338,408.5,2587,909.5,1208.5
2016-09-09 0:00:00,2343,408.5,2595,902,1185.5
2016-09-12 0:00:00,2277,398,2542,865.5,1143
2016-09-13 0:00:00,2256,393.5,2534,855,1130.5
2016-09-14 0:00:00,2250,393.5,2552,866.5,1130
2016-09-19 0:00:00,2239,393.5,2540,891.5,1152.5
2016-09-20 0:00:00,2264,397.5,2548,926.5,1184
2016-09-21 0:00:00,2257,399,2530,931.5,1219.5
2016-09-22 0:00:00,2280,408,2567,921.5,1217
2016-09-23 0:00:00,2309,413.5,2604,943,1247.5
2016-09-26 0:00:00,2316,411.5,2619,963,1271
2016-09-27 0:00:00,2273,406,2570,960.5,1252
2016-09-28 0:00:00,2285,413,2585,970.5,1258
2016-09-29 0:00:00,2273,413.5,2565,999.5,1293
2016-09-30 0:00:00,2253,404.5,2541,1011.5,1309.5
2016-10-10 0:00:00,2270,412.5,2568,1023,1330
2016-10-11 0:00:00,2339,422,2675,1041,1359.5
2016-10-12 0:00:00,2358,428,2711,1063,1396
2016-10-13 0:00:00,2354,427,2696,1059.5,1419
2016-10-14 0:00:00,2399,438.5,2718,1111,1454
2016-10-17 0:00:00,2431,442,2738,1156,1485
2016-10-18 0:00:00,2441,437.5,2729,1180.5,1497.5
2016-10-19 0:00:00,2434,436,2756,1228.5,1536.5
2016-10-20 0:00:00,2486,443.5,2806,1213,1548.5
2016-10-21 0:00:00,2485,444.5,2791,1235,1568
2016-10-24 0:00:00,2491,454,2806,1243.5,1595.5
2016-10-25 0:00:00,2569,471.5,2884,1300,1680
2016-10-26 0:00:00,2534,474,2854,1277.5,1705
2016-10-27 0:00:00,2512,478.5,2849,1244,1675
2016-10-28 0:00:00,2588,494,2909,1307.5,1757.5
2016-10-31 0:00:00,2600,502,2969,1306.5,1816
2016-11-01 0:00:00,2613,502,3035,1313,1783
2016-11-02 0:00:00,2610,491.5,3064,1304.5,1778
2016-11-03 0:00:00,2691,500.5,3119,1336,1809.5
2016-11-04 0:00:00,2716,500,3125,1405.5,1910.5
2016-11-07 0:00:00,2889,520,3284,1516,2001.5
2016-11-08 0:00:00,2836,519,3220,1422.5,1965.5
2016-11-09 0:00:00,3015,551.5,3387,1559,2153
2016-11-10 0:00:00,2987,588,3346,1495.5,2096.5
2016-11-11 0:00:00,3126,614.5,3480,1563,2139
2016-11-14 0:00:00,2945,627,3350,1644,2183
2016-11-15 0:00:00,2858,591,3217,1509.5,1977
2016-11-16 0:00:00,2816,577,3205,1569,2057
2016-11-17 0:00:00,2814,577,3218,1558,2048
2016-11-18 0:00:00,2772,551,3179,1485,2010
2016-11-21 0:00:00,2714,552.5,3151,1483,2022
2016-11-22 0:00:00,2900,580.5,3342,1598.5,2183.5
2016-11-23 0:00:00,2954,616.5,3424,1566,2160
2016-11-24 0:00:00,2951,622,3399,1544,2119
2016-11-25 0:00:00,3154,613,3551,1582,2143
2016-11-28 0:00:00,3332,622.5,3620,1588.5,2199.5
2016-11-29 0:00:00,3062,577,3413,1501,2084
2016-11-30 0:00:00,3000,556,3247,1294.5,2078
2016-12-01 0:00:00,3187,595,3513,1306.5,2092
2016-12-02 0:00:00,3126,574,3494,1276,1728
2016-12-05 0:00:00,3204,605,3583,1292.5,1765.5
2016-12-06 0:00:00,3217,604.5,3642,1280,1747.5
2016-12-07 0:00:00,3382,644.5,3751,1344,1870
2016-12-08 0:00:00,3394,635,3760,1317,1826
2016-12-09 0:00:00,3345,618,3740,1289,1763
2016-12-12 0:00:00,3444,635.5,3770,1242,1735.5
2016-12-13 0:00:00,3505,645.5,3822,1258,1761.5
2016-12-14 0:00:00,3375,605,3722,1271,1753.5
2016-12-15 0:00:00,3413,608.5,3787,1288,1789.5
2016-12-16 0:00:00,3293,591.5,3676,1260,1749.5
2016-12-19 0:00:00,3171,560,3556,1293.5,1755.5
2016-12-20 0:00:00,3162,568,3574,1328.5,1779.5
2016-12-21 0:00:00,3169,573,3588,1329,1771
2016-12-22 0:00:00,3026,542.5,3415,1255,1653
2016-12-23 0:00:00,2984,548.5,3385,1248,1646
2016-12-26 0:00:00,2922,554.5,3299,1173.5,1554
2016-12-27 0:00:00,3006,560.5,3391,1177,1547
2016-12-28 0:00:00,2989,564.5,3405,1168,1545
2016-12-29 0:00:00,2952,569,3352,1172.5,1539.5
2016-12-30 0:00:00,2867,548,3305,1177,1518
2017-01-03 0:00:00,2851,534,3298,1125.5,1480.5
2017-01-04 0:00:00,2930,542,3370,1138.5,1495
2017-01-05 0:00:00,2941,550.5,3358,1146.5,1506.5
2017-01-06 0:00:00,2912,538.5,3273,1161.5,1532
2017-01-09 0:00:00,3048,571.5,3449,1199,1589
2017-01-10 0:00:00,3167,594,3562,1268,1687
2017-01-11 0:00:00,3182,601,3569,1247.5,1667
2017-01-12 0:00:00,3207,607.5,3592,1245,1690
2017-01-13 0:00:00,3194,607,3566,1263.5,1699.5
2017-01-16 0:00:00,3375,653,3721,1325.5,1826
2017-01-17 0:00:00,3284,638,3629,1221.5,1662
2017-01-18 0:00:00,3292,638,3622,1224,1676.5
2017-01-19 0:00:00,3256,637,3551,1234,1677.5
2017-01-20 0:00:00,3194,612.5,3452,1179,1611
2017-01-23 0:00:00,3180,607.5,3462,1180.5,1590
2017-01-24 0:00:00,3292,648.5,3585,1214,1648
2017-01-25 0:00:00,3299,641.5,3600,1200,1622.5
2017-01-26 0:00:00,3369,660,3660,1260,1699.5
2017-02-03 0:00:00,3113,611.5,3382,1172,1579
2017-02-06 0:00:00,3082,603,3385,1154.5,1528.5
2017-02-07 0:00:00,3165,625,3469,1164,1565
2017-02-08 0:00:00,3243,641,3533,1175,1570
2017-02-09 0:00:00,3206,641,3489,1132,1533
2017-02-10 0:00:00,3328,688,3620,1158,1586.5
2017-02-13 0:00:00,3437,712.5,3730,1204.5,1662.5
2017-02-14 0:00:00,3442,712,3728,1224.5,1680
2017-02-15 0:00:00,3391,697.5,3677,1214,1655.5
2017-02-16 0:00:00,3381,685.5,3653,1223,1650.5
2017-02-17 0:00:00,3473,702,3741,1235.5,1694.5
2017-02-20 0:00:00,3546,714,3762,1280,1759
2017-02-21 0:00:00,3575,732,3780,1268,1736
2017-02-22 0:00:00,3525,722.5,3679,1223.5,1666.5
2017-02-23 0:00:00,3483,708,3608,1219,1685
2017-02-24 0:00:00,3498,698.5,3591,1257.5,1716
2017-02-27 0:00:00,3612,714,3728,1266,1738
2017-02-28 0:00:00,3471,690.5,3549,1249.5,1718
2017-03-01 0:00:00,3542,698,3594,1327,1818.5
2017-03-02 0:00:00,3553,694.5,3579,1318.5,1810.5
2017-03-03 0:00:00,3566,688,3573,1310.5,1806
2017-03-06 0:00:00,3467,661,3467,1309.5,1788.5
2017-03-07 0:00:00,3494,661.5,3478,1303.5,1798.5
2017-03-08 0:00:00,3425,661.5,3423,1294,1787
2017-03-09 0:00:00,3389,658,3372,1304.5,1794.5
2017-03-10 0:00:00,3402,656,3423,1273.5,1768
2017-03-13 0:00:00,3604,684.5,3570,1318,1850
2017-03-14 0:00:00,3594,686.5,3538,1313,1863
2017-03-15 0:00:00,3641,724.5,3596,1304.5,1863
2017-03-16 0:00:00,3625,726.5,3578,1298,1877.5
2017-03-17 0:00:00,3575,715.5,3542,1275.5,1856
2017-03-20 0:00:00,3581,711.5,3533,1307,1900
2017-03-21 0:00:00,3476,687.5,3453,1301.5,1890
2017-03-22 0:00:00,3405,577,3358,1272,1852
2017-03-23 0:00:00,3127,580.5,3346,1306.5,1894
2017-03-24 0:00:00,3140,580.5,3353,1291,1892.5
2017-03-27 0:00:00,3057,549.5,3229,1234,1843.5
2017-03-28 0:00:00,3050,543,3086,1228.5,1854.5
2017-03-29 0:00:00,3169,571,3213,1277,1915
2017-03-30 0:00:00,3142,559,3191,1281,1907
2017-03-31 0:00:00,3152,552,3165,1235,1777
2017-04-05 0:00:00,3222,559.5,3170,1324.5,1896.5
2017-04-06 0:00:00,3162,560,3161,1343,1915
2017-04-07 0:00:00,3038,525.5,3078,1283.5,1818
2017-04-10 0:00:00,3000,520,3068,1264.5,1797
2017-04-11 0:00:00,2982,524.5,3030,1216,1736
2017-04-12 0:00:00,2893,506,2913,1154.5,1633.5
2017-04-13 0:00:00,2917,505.5,2954,1142.5,1635
2017-04-14 0:00:00,2942,507.5,2984,1108,1612
2017-04-17 0:00:00,2912,493,2973,1128.5,1654
2017-04-18 0:00:00,2824,468,2881,1096.5,1604
2017-04-19 0:00:00,2852,480,2893,1078,1546
2017-04-20 0:00:00,2889,488.5,2930,1124.5,1605.5
2017-04-21 0:00:00,2928,505.5,2961,1138.5,1651
2017-04-24 0:00:00,2927,503,2956,1091.5,1599
2017-04-25 0:00:00,2948,498,2992,1085,1604.5
2017-04-26 0:00:00,2967,496.5,3020,1080,1570.5
2017-04-27 0:00:00,3016,506,3063,1116.5,1599
2017-04-28 0:00:00,3115,521,3149,1127,1629
2017-05-02 0:00:00,3134,533.5,3142,1141,1628.5
2017-05-03 0:00:00,3131,523,3112,1106,1573.5
2017-05-04 0:00:00,2931,485,2891,1049.5,1493
2017-05-05 0:00:00,2931,461.5,2887,1020,1477.5
2017-05-08 0:00:00,3004,466.5,2931,1039,1498.5
2017-05-09 0:00:00,3016,466,2895,1046.5,1527
2017-05-10 0:00:00,3077,474.5,2930,1066,1572.5
2017-05-11 0:00:00,3060,465,2952,1025.5,1542.5
2017-05-12 0:00:00,2941,450.5,2840,1013.5,1507.5
2017-05-15 0:00:00,2991,457,2916,1019.5,1507
2017-05-16 0:00:00,2999,461,2916,1029,1514
2017-05-17 0:00:00,3110,477.5,3037,1047.5,1550
2017-05-18 0:00:00,3144,468.5,3048,1029,1531
2017-05-19 0:00:00,3244,489,3117,1048.5,1572
2017-05-22 0:00:00,3342,494,3170,1048,1555
2017-05-23 0:00:00,3295,479,3153,1075,1581
2017-05-24 0:00:00,3246,455.5,3128,1037.5,1527
2017-05-25 0:00:00,3219,448,3133,1051,1539.5
2017-05-26 0:00:00,3240,454,3116,1033,1544
2017-05-31 0:00:00,3095,424.5,3037,949,1426.5
2017-06-01 0:00:00,3092,420,3021,950.5,1430.5
2017-06-02 0:00:00,3026,429.5,3012,940,1391
2017-06-05 0:00:00,2939,435,2936,958.5,1406.5
2017-06-06 0:00:00,2959,432,2938,969,1414.5
2017-06-07 0:00:00,2962,432.5,2957,971.5,1417.5
2017-06-08 0:00:00,2968,423,2974,969,1421.5
2017-06-09 0:00:00,3017,423.5,3074,951,1417
2017-06-12 0:00:00,3033,434,3104,966.5,1453
2017-06-13 0:00:00,2935,418.5,3006,954,1436.5
2017-06-14 0:00:00,3084,432,3120,985,1517.5
2017-06-15 0:00:00,3111,423,3185,968,1512
2017-06-16 0:00:00,3091,426.5,3164,964,1541
2017-06-19 0:00:00,3140,432.5,3236,998.5,1592.5
2017-06-20 0:00:00,3109,430.5,3228,1014.5,1588.5
2017-06-21 0:00:00,3069,433.5,3197,1029.5,1605.5
2017-06-22 0:00:00,3031,425.5,3194,1032.5,1621.5
2017-06-23 0:00:00,3104,434,3238,1041.5,1635.5
2017-06-26 0:00:00,3148,433,3288,1022.5,1634
2017-06-27 0:00:00,3224,456.5,3350,1049.5,1679
2017-06-28 0:00:00,3279,457.5,3389,1077.5,1691.5
2017-06-29 0:00:00,3297,477,3377,1132,1751.5
2017-06-30 0:00:00,3347,473.5,3383,1119.5,1752
2017-07-03 0:00:00,3413,487,3460,1147,1796
2017-07-04 0:00:00,3360,465,3391,1103.5,1761.5
2017-07-05 0:00:00,3420,469.5,3430,1122.5,1772.5
2017-07-06 0:00:00,3417,471,3414,1123.5,1783.5
2017-07-07 0:00:00,3428,481.5,3444,1128,1798.5
2017-07-10 0:00:00,3442,480,3452,1128.5,1831
2017-07-11 0:00:00,3565,488.5,3569,1151.5,1875
2017-07-12 0:00:00,3575,488.5,3590,1139,1851.5
2017-07-13 0:00:00,3657,491,3680,1183.5,1870.5
2017-07-14 0:00:00,3551,481,3598,1169.5,1840
2017-07-17 0:00:00,3627,494.5,3698,1222,1906
2017-07-18 0:00:00,3586,517,3657,1243.5,1902.5
2017-07-19 0:00:00,3679,532,3731,1255,1945.5
2017-07-20 0:00:00,3496,517,3617,1240.5,1917.5
2017-07-21 0:00:00,3525,521,3629,1262,1946
2017-07-24 0:00:00,3516,512,3586,1243,1898
2017-07-25 0:00:00,3568,526.5,3631,1262,1932
2017-07-26 0:00:00,3568,518,3644,1269.5,1937.5
2017-07-27 0:00:00,3570,527,3666,1283,1951.5
2017-07-28 0:00:00,3558,530,3660,1271.5,1958
2017-07-31 0:00:00,3733,570.5,3802,1344,2064
2017-08-01 0:00:00,3698,546.5,3766,1321,2053
2017-08-02 0:00:00,3725,544,3797,1339.5,2090
2017-08-03 0:00:00,3776,543.5,3809,1287.5,2023.5
2017-08-04 0:00:00,3882,548.5,3897,1261,2012.5
2017-08-07 0:00:00,4079,564,4030,1242.5,2047.5
2017-08-08 0:00:00,3884,549,4010,1281.5,2081
2017-08-09 0:00:00,4006,566.5,4098,1335.5,2145.5
2017-08-10 0:00:00,3964,563.5,4028,1334.5,2161
2017-08-11 0:00:00,3862,536,3937,1327.5,2166.5
2017-08-14 0:00:00,3807,527,3876,1299.5,2107.5
2017-08-15 0:00:00,3747,530,3840,1334,2120.5
2017-08-16 0:00:00,3707,523.5,3829,1358,2119
2017-08-17 0:00:00,3809,554.5,3942,1455.5,2253.5
2017-08-18 0:00:00,3895,580.5,4021,1482.5,2268.5
2017-08-21 0:00:00,3962,596,4068,1472.5,2314
2017-08-22 0:00:00,3933,606,4047,1485.5,2357.5
2017-08-23 0:00:00,3779,578.5,3865,1455,2351.5
2017-08-24 0:00:00,3858,582.5,3962,1479.5,2398
2017-08-25 0:00:00,3930,585.5,4050,1505.5,2474.5
2017-08-28 0:00:00,3932,572.5,4081,1471,2476
2017-08-29 0:00:00,3882,554,4054,1403,2387.5
2017-08-30 0:00:00,3868,556,4068,1395,2386.5
2017-08-31 0:00:00,3927,573,4072,1419,2345
2017-09-01 0:00:00,4062,583,4251,1442.5,2341
2017-09-04 0:00:00,4060,565.5,4284,1396,2284
2017-09-05 0:00:00,4084,576,4338,1424.5,2305
2017-09-06 0:00:00,3986,550,4222,1394,2340
2017-09-07 0:00:00,3958,545.5,4217,1398,2375.5
2017-09-08 0:00:00,3916,534.5,4151,1408.5,2402
2017-09-11 0:00:00,3915,533.5,4161,1439,2414.5
2017-09-12 0:00:00,3959,548,4177,1466,2468
2017-09-13 0:00:00,3914,534,4119,1428.5,2429
2017-09-14 0:00:00,3831,510,4078,1401,2374.5
2017-09-15 0:00:00,3805,508,4065,1315.5,2279
2017-09-18 0:00:00,3805,508,4065,1315.5,2279